district_number,district_name,county,region,website,staff_directory_url,method,status
,A+ ACADEMY | http://www.rylieffa.com,DALLAS COUNTY,,http://www.rylieffa.com,,none,not_found
,ABBOTT ISD | http://www.abbottisd.org,HILL COUNTY,,http://www.abbottisd.org,http://www.abbottisd.org/apps/staff/,crawl,found
,ABERNATHY ISD | http://www.abernathyisd.com,HALE COUNTY,,http://www.abernathyisd.com,,none,not_found
,ABILENE ISD | http://abileneisd.org,TAYLOR COUNTY,,http://abileneisd.org,http://abileneisd.org/staff,path,found
,ABILENE ISD | http://www.abileneisd.org,TAYLOR COUNTY,,http://www.abileneisd.org,http://www.abileneisd.org/staff,path,found
,ACADEMY FOR ACADEMIC EXCELLENCE | http://www.dallascounty.org,DALLAS COUNTY,,http://www.dallascounty.org,,none,not_found
,ACADEMY ISD | http://www.academyisd.net,BELL COUNTY,,http://www.academyisd.net,http://www.academyisd.net/staff-directory,path,found
,ACADEMY OF CAREERS AND TECHNOLOGIES CHARTER SCHOOL | http://www.actchs.org,BEXAR COUNTY,,http://www.actchs.org,,none,not_found
,ACCELERATED INTERMEDIATE ACADEMY | http://www.aiacharterschools.org,HARRIS COUNTY,,http://www.aiacharterschools.org,,none,not_found
,ADRIAN ISD | http://www.adrianisd.net,OLDHAM COUNTY,,http://www.adrianisd.net,,none,not_found
,ADVANTAGE ACADEMY | http://www.advantageisd.com,DALLAS COUNTY,,http://www.advantageisd.com,,none,not_found
,ALAMO HEIGHTS ISD | http://www.ahisd.net,BEXAR COUNTY,,http://www.ahisd.net,http://www.ahisd.net/staff,path,found
,ALBA-GOLDEN ISD | http://www.agisd.com,WOOD COUNTY,,http://www.agisd.com,http://www.agisd.com/staff,path,found
,ALBANY ISD | http://www.albany.esc14.net,SHACKELFORD COUNTY,,http://www.albany.esc14.net,,none,not_found
,ALDINE ISD | http://www.aldine.k12.tx.us,HARRIS COUNTY,,http://www.aldine.k12.tx.us,,none,not_found
,ALDINE ISD | http://www.aldine.k12.tx.us/schools/worsham.html,HARRIS COUNTY,,http://www.aldine.k12.tx.us/schools/worsham.html,,none,not_found
,ALICE ISD | http://adams.aliceisd.net,JIM WELLS COUNTY,,http://adams.aliceisd.net,http://adams.aliceisd.net/staff,path,found
,ALICE ISD | http://ahs.aliceisd.net,JIM WELLS COUNTY,,http://ahs.aliceisd.net,http://ahs.aliceisd.net/staff,path,found
,ALICE ISD | http://dubose.aliceisd.net,JIM WELLS COUNTY,,http://dubose.aliceisd.net,http://dubose.aliceisd.net/staff,path,found
,ALICE ISD | http://noonan.aliceisd.net,JIM WELLS COUNTY,,http://noonan.aliceisd.net,http://noonan.aliceisd.net/staff,path,found
,ALICE ISD | http://saenz.aliceisd.net,JIM WELLS COUNTY,,http://saenz.aliceisd.net,http://saenz.aliceisd.net/staff,path,found
,ALICE ISD | http://schallert.aliceisd.net,JIM WELLS COUNTY,,http://schallert.aliceisd.net,http://schallert.aliceisd.net/staff,path,found
,ALIEF ISD | http://www.aliefisd.net,HARRIS COUNTY,,http://www.aliefisd.net,http://www.aliefisd.net/staff,path,found
,ALLEN ISD | http://www.allenisd.org,COLLIN COUNTY,,http://www.allenisd.org,,none,not_found
,ALLEN ISD | http://www.allenisd.org/cheathames/site/default,COLLIN COUNTY,,http://www.allenisd.org/cheathames/site/default,,none,not_found
,ALLEN ISD | http://www.allenisd.org/curtis/index.htm,COLLIN COUNTY,,http://www.allenisd.org/curtis/index.htm,,none,not_found
,ALLEN ISD | http://www.allenisd.org/ford/index.htm,COLLIN COUNTY,,http://www.allenisd.org/ford/index.htm,,none,not_found
,ALLEN ISD | http://www.allenisd.org/lindseyes,COLLIN COUNTY,,http://www.allenisd.org/lindseyes,,none,not_found
,ALLEN ISD | http://www.allenisd.org/lowery/index.htm,COLLIN COUNTY,,http://www.allenisd.org/lowery/index.htm,,none,not_found
,ALLEN ISD | http://www.allenisd.org/web/Anderson_Elementary/Index.htm,COLLIN COUNTY,,http://www.allenisd.org/web/Anderson_Elementary/Index.htm,,none,not_found
,ALLEN ISD | http://www.allenisd.org/web/Bolin_Elementary/Index.htm,COLLIN COUNTY,,http://www.allenisd.org/web/Bolin_Elementary/Index.htm,,none,not_found
,ALLEN ISD | http://www.allenisd.org/web/Boon_Elementary/Index.htm,COLLIN COUNTY,,http://www.allenisd.org/web/Boon_Elementary/Index.htm,,none,not_found
,ALLEN ISD | http://www.allenisd.org/web/Boyd_Elementary/Index.htm,COLLIN COUNTY,,http://www.allenisd.org/web/Boyd_Elementary/Index.htm,,none,not_found
,ALLEN ISD | http://www.allenisd.org/web/Chandler_Elementary/Index.htm,COLLIN COUNTY,,http://www.allenisd.org/web/Chandler_Elementary/Index.htm,,none,not_found
,ALLEN ISD | http://www.allenisd.org/web/Green_Elementary/Index.htm,COLLIN COUNTY,,http://www.allenisd.org/web/Green_Elementary/Index.htm,,none,not_found
,ALLEN ISD | http://www.allenisd.org/web/Kerr_Elementary/Index.htm,COLLIN COUNTY,,http://www.allenisd.org/web/Kerr_Elementary/Index.htm,,none,not_found
,ALLEN ISD | http://www.allenisd.org/web/Marion_Elementary/Index.htm,COLLIN COUNTY,,http://www.allenisd.org/web/Marion_Elementary/Index.htm,,none,not_found
,ALLEN ISD | http://www.allenisd.org/web/Norton_Elementary/Index.htm,COLLIN COUNTY,,http://www.allenisd.org/web/Norton_Elementary/Index.htm,,none,not_found
,ALLEN ISD | http://www.allenisd.org/web/Reed_Elementary/Index.htm,COLLIN COUNTY,,http://www.allenisd.org/web/Reed_Elementary/Index.htm,,none,not_found
,ALLEN ISD | http://www.allenisd.org/web/Rountree_Elementary/Index.htm,COLLIN COUNTY,,http://www.allenisd.org/web/Rountree_Elementary/Index.htm,,none,not_found
,ALLEN ISD | http://www.allenisd.org/web/Story_Elementary/Index.htm,COLLIN COUNTY,,http://www.allenisd.org/web/Story_Elementary/Index.htm,,none,not_found
,ALLEN ISD | http://www.allenisd.org/web/Vaughan_Elementary/Index.htm,COLLIN COUNTY,,http://www.allenisd.org/web/Vaughan_Elementary/Index.htm,,none,not_found
,ALPINE ISD | http://www.alpine.esc18.net,BREWSTER COUNTY,,http://www.alpine.esc18.net,http://www.alpine.esc18.net/staff-directory,path,found
,ALTO ISD | http://www.alto.esc7.net,CHEROKEE COUNTY,,http://www.alto.esc7.net,http://www.alto.esc7.net/staff,path,found
,ALVARADO ISD | http://alvaradoisd.net,JOHNSON COUNTY,,http://alvaradoisd.net,http://alvaradoisd.net/about/staff-directory,path,found
,ALVARADO ISD | http://www.alvaradoisd.net,JOHNSON COUNTY,,http://www.alvaradoisd.net,http://www.alvaradoisd.net/about/staff-directory,path,found
,ALVIN ISD | http://www.alvinisd.net,BRAZORIA COUNTY,,http://www.alvinisd.net,,none,not_found
,ALVORD ISD | http://www.alvordisd.net,WISE COUNTY,,http://www.alvordisd.net,http://www.alvordisd.net/districtstaffdirectory,crawl,found
,AMARILLO ISD | http://ahsamaisd.sharpschool.com,POTTER COUNTY,,http://ahsamaisd.sharpschool.com,,none,not_found
,AMARILLO ISD | http://allenamaisd.sharpschool.com,POTTER COUNTY,,http://allenamaisd.sharpschool.com,,none,not_found
,AMARILLO ISD | http://austinamaisd.sharpschool.com,POTTER COUNTY,,http://austinamaisd.sharpschool.com,,none,not_found
,AMARILLO ISD | http://avondaleamaisd.sharpschool.com,POTTER COUNTY,,http://avondaleamaisd.sharpschool.com,,none,not_found
,AMARILLO ISD | http://belmaramaisd.sharpschool.com,POTTER COUNTY,,http://belmaramaisd.sharpschool.com,,none,not_found
,AMARILLO ISD | http://bivinsamaisd.sharpschool.com,POTTER COUNTY,,http://bivinsamaisd.sharpschool.com,,none,not_found
,AMARILLO ISD | http://bonhamamaisd.sharpschool.com/cms/One.aspx,POTTER COUNTY,,http://bonhamamaisd.sharpschool.com/cms/One.aspx,,none,not_found
,AMARILLO ISD | http://bowieamaisd.sharpschool.com,POTTER COUNTY,,http://bowieamaisd.sharpschool.com,,none,not_found
,AMARILLO ISD | http://carveramaisd.sharpschool.com,POTTER COUNTY,,http://carveramaisd.sharpschool.com,,none,not_found
,AMARILLO ISD | http://chsamaisd.sharpschool.com,POTTER COUNTY,,http://chsamaisd.sharpschool.com,,none,not_found
,AMARILLO ISD | http://coronadoamaisd.sharpschool.com,POTTER COUNTY,,http://coronadoamaisd.sharpschool.com,,none,not_found
,AMARILLO ISD | http://crockettamaisd.sharpschool.com,POTTER COUNTY,,http://crockettamaisd.sharpschool.com,,none,not_found
,AMARILLO ISD | http://eastamaisd.sharpschool.com,POTTER COUNTY,,http://eastamaisd.sharpschool.com,,none,not_found
,AMARILLO ISD | http://ecaamaisd.sharpschool.com,POTTER COUNTY,,http://ecaamaisd.sharpschool.com,,none,not_found
,AMARILLO ISD | http://emersonamaisd.sharpschool.com,POTTER COUNTY,,http://emersonamaisd.sharpschool.com,,none,not_found
,AMARILLO ISD | http://fanninamaisd.sharpschool.com,POTTER COUNTY,,http://fanninamaisd.sharpschool.com,,none,not_found
,AMARILLO ISD | http://forestamaisd.sharpschool.com,POTTER COUNTY,,http://forestamaisd.sharpschool.com,,none,not_found
,AMARILLO ISD | http://glenwoodamaisd.sharpschool.com,POTTER COUNTY,,http://glenwoodamaisd.sharpschool.com,,none,not_found
,AMARILLO ISD | http://hamletamaisd.sharpschool.com,POTTER COUNTY,,http://hamletamaisd.sharpschool.com,,none,not_found
,AMARILLO ISD | http://hhamaisd.sharpschool.com,POTTER COUNTY,,http://hhamaisd.sharpschool.com,,none,not_found
,AMARILLO ISD | http://houstonamaisd.sharpschool.com,POTTER COUNTY,,http://houstonamaisd.sharpschool.com,,none,not_found
,AMARILLO ISD | http://lamaramaisd.sharpschool.com,POTTER COUNTY,,http://lamaramaisd.sharpschool.com,,none,not_found
,AMARILLO ISD | http://landerginamaisd.sharpschool.com,POTTER COUNTY,,http://landerginamaisd.sharpschool.com,,none,not_found
,AMARILLO ISD | http://lawndaleamaisd.sharpschool.com,POTTER COUNTY,,http://lawndaleamaisd.sharpschool.com,,none,not_found
,AMARILLO ISD | http://leeamaisd.sharpschool.com,POTTER COUNTY,,http://leeamaisd.sharpschool.com,,none,not_found
,AMARILLO ISD | http://mannamaisd.sharpschool.com,POTTER COUNTY,,http://mannamaisd.sharpschool.com,,none,not_found
,AMARILLO ISD | http://mvamaisd.sharpschool.com,POTTER COUNTY,,http://mvamaisd.sharpschool.com,,none,not_found
,AMARILLO ISD | http://nhamaisd.sharpschool.com,POTTER COUNTY,,http://nhamaisd.sharpschool.com,,none,not_found
,AMARILLO ISD | http://oakdaleamaisd.sharpschool.com,POTTER COUNTY,,http://oakdaleamaisd.sharpschool.com,,none,not_found
,AMARILLO ISD | http://olsenamaisd.sharpschool.com,POTTER COUNTY,,http://olsenamaisd.sharpschool.com,,none,not_found
,AMARILLO ISD | http://pdhsamaisd.sharpschool.com,POTTER COUNTY,,http://pdhsamaisd.sharpschool.com,,none,not_found
,AMARILLO ISD | http://ptamaisd.sharpschool.com,POTTER COUNTY,,http://ptamaisd.sharpschool.com,,none,not_found
,AMARILLO ISD | http://puckettamaisd.sharpschool.com,POTTER COUNTY,,http://puckettamaisd.sharpschool.com,,none,not_found
,AMARILLO ISD | http://pvamaisd.sharpschool.com,POTTER COUNTY,,http://pvamaisd.sharpschool.com,,none,not_found
,AMARILLO ISD | http://ridgecrestamaisd.sharpschool.com,POTTER COUNTY,,http://ridgecrestamaisd.sharpschool.com,,none,not_found
,AMARILLO ISD | http://rogersamaisd.sharpschool.com,POTTER COUNTY,,http://rogersamaisd.sharpschool.com,,none,not_found
,AMARILLO ISD | http://sanbornamaisd.sharpschool.com,POTTER COUNTY,,http://sanbornamaisd.sharpschool.com,,none,not_found
,AMARILLO ISD | http://sgamaisd.sharpschool.com,POTTER COUNTY,,http://sgamaisd.sharpschool.com,,none,not_found
,AMARILLO ISD | http://sjamaisd.sharpschool.com,POTTER COUNTY,,http://sjamaisd.sharpschool.com,,none,not_found
,AMARILLO ISD | http://sleepyamaisd.sharpschool.com,POTTER COUNTY,,http://sleepyamaisd.sharpschool.com,,none,not_found
,AMARILLO ISD | http://sunriseamaisd.sharpschool.com,POTTER COUNTY,,http://sunriseamaisd.sharpschool.com,,none,not_found
,AMARILLO ISD | http://thsamaisd.sharpschool.com,POTTER COUNTY,,http://thsamaisd.sharpschool.com,,none,not_found
,AMARILLO ISD | http://tradewindamaisd.sharpschool.com,POTTER COUNTY,,http://tradewindamaisd.sharpschool.com,,none,not_found
,AMARILLO ISD | http://travisamaisd.sharpschool.com,POTTER COUNTY,,http://travisamaisd.sharpschool.com,,none,not_found
,AMARILLO ISD | http://whittieramaisd.sharpschool.com,POTTER COUNTY,,http://whittieramaisd.sharpschool.com,,none,not_found
,AMARILLO ISD | http://willsamaisd.sharpschool.com,POTTER COUNTY,,http://willsamaisd.sharpschool.com,,none,not_found
,AMARILLO ISD | http://windsoramaisd.sharpschool.com,POTTER COUNTY,,http://windsoramaisd.sharpschool.com,,none,not_found
,AMARILLO ISD | http://wolflinamaisd.sharpschool.com,POTTER COUNTY,,http://wolflinamaisd.sharpschool.com,,none,not_found
,AMARILLO ISD | http://woodlandsamaisd.sharpschool.com,POTTER COUNTY,,http://woodlandsamaisd.sharpschool.com,,none,not_found
,AMARILLO ISD | http://wpamaisd.sharpschool.com,POTTER COUNTY,,http://wpamaisd.sharpschool.com,,none,not_found
,AMARILLO ISD | http://www.amaisd.org,POTTER COUNTY,,http://www.amaisd.org,,none,not_found
,AMARILLO ISD | http://www.amaisd.org/aacal,POTTER COUNTY,,http://www.amaisd.org/aacal,,none,not_found
,AMARILLO ISD | http://zavalaamaisd.sharpschool.com,POTTER COUNTY,,http://zavalaamaisd.sharpschool.com,,none,not_found
,AMBASSADORS PREPARATORY ACADEMY | http://www.apagalv.org,GALVESTON COUNTY,,http://www.apagalv.org,,none,not_found
,AMIGOS POR VIDA-FRIENDS FOR LIFE PUB CHTR SCH | http://www.amigosporvida.com,HARRIS COUNTY,,http://www.amigosporvida.com,https://amigosporvida.com/about-us/school-directory/admin-office/,crawl,found
,ANAHUAC ISD | http://www.anahuacisd.net,CHAMBERS COUNTY,,http://www.anahuacisd.net,,none,not_found
,ANDERSON-SHIRO CISD | http://www.anderson-shirocisd.net/elementary.htm,GRIMES COUNTY,,http://www.anderson-shirocisd.net/elementary.htm,http://www.anderson-shirocisd.net/elementary.htm,crawl,found
,ANDERSON-SHIRO CISD | http://www.ascisd.net/highschool.htm,GRIMES COUNTY,,http://www.ascisd.net/highschool.htm,,none,not_found
,ANDREWS ISD | http://www.andrews.esc18.net,ANDREWS COUNTY,,http://www.andrews.esc18.net,http://www.andrews.esc18.net/staff/staff-links/andrews-isd-daycare,crawl,found
,ANGLETON ISD | http://angletonisd.net,BRAZORIA COUNTY,,http://angletonisd.net,http://angletonisd.net/staff,path,found
,ANGLETON ISD | http://www.angletonisd.net,BRAZORIA COUNTY,,http://www.angletonisd.net,http://www.angletonisd.net/staff,path,found
,ANNA ISD | http://www.annaisd.org,COLLIN COUNTY,,http://www.annaisd.org,http://www.annaisd.org/staff-directory,path,found
,ANSON ISD | http://www.ansontigers.com,JONES COUNTY,,http://www.ansontigers.com,http://www.ansontigers.com/staff,path,found
,ANTHONY ISD | http://www.anthonyisd.net,EL PASO COUNTY,,http://www.anthonyisd.net,http://www.anthonyisd.net/public-staff-directory,crawl,found
,ANTON ISD | http://antonisd.org,HOCKLEY COUNTY,,http://antonisd.org,http://antonisd.org/staff,path,found
,APPLE SPRINGS ISD | http://www.asisd.com,TRINITY COUNTY,,http://www.asisd.com,http://www.asisd.com/staff,path,found
,AQUILLA ISD | http://www.aquillaisd.net,HILL COUNTY,,http://www.aquillaisd.net,,none,not_found
,ARANSAS COUNTY ISD | http://www.acisd.org,ARANSAS COUNTY,,http://www.acisd.org,http://www.acisd.org/apps/staff/,crawl,found
,ARANSAS PASS ISD | http://apisd.org,SAN PATRICIO COUNTY,,http://apisd.org,http://apisd.org/staff,path,found
,ARCHER CITY ISD | http://www.archercityisd.net,ARCHER COUNTY,,http://www.archercityisd.net,,none,not_found
,ARGYLE ISD | http://www.argyleisd.com,DENTON COUNTY,,http://www.argyleisd.com,http://www.argyleisd.com/directory,path,found
,ARISTOI CLASSICAL ACADEMY | http://www.aristoiclassical.org,HARRIS COUNTY,,http://www.aristoiclassical.org,,none,not_found
,ARLINGTON CLASSICS ACADEMY | http://www.acaedu.net,TARRANT COUNTY,,http://www.acaedu.net,http://www.acaedu.net/about-aca/district-departments/human-resources-and-student-services/staff-directory-and-contact-information,crawl,found
,ARLINGTON ISD | http://www.aisd.net,TARRANT COUNTY,,http://www.aisd.net,https://www.aisd.net/district/about/school-directory/,crawl,found
,ARP ISD | http://www.arpisd.org,SMITH COUNTY,,http://www.arpisd.org,http://www.arpisd.org/staff,path,found
,ARROW ACADEMY | http://www.arrowacademy.org,BRAZOS COUNTY,,http://www.arrowacademy.org,http://www.arrowacademy.org/resources#Staff,crawl,found
,ASPERMONT ISD | http://www.aspermontisd.com,STONEWALL COUNTY,,http://www.aspermontisd.com,http://www.aspermontisd.com/page/staff.directory,crawl,found
,ATHENS ISD | http://www.athensisd.net,HENDERSON COUNTY,,http://www.athensisd.net,http://www.athensisd.net/staff,path,found
,ATLANTA ISD | http://www.atlisd.net,CASS COUNTY,,http://www.atlisd.net,,none,not_found
,AUBREY ISD | http://aubreyisd.net,DENTON COUNTY,,http://aubreyisd.net,http://aubreyisd.net/staff,path,found
,AUBREY ISD | http://www.aubreyisd.net,DENTON COUNTY,,http://www.aubreyisd.net,http://www.aubreyisd.net/staff,path,found
,AUSTIN ACHIEVE PUBLIC SCHOOLS | http://www.austinachieve.org,TRAVIS COUNTY,,http://www.austinachieve.org,http://www.austinachieve.org/quick-links/staff-directory,crawl,found
,AUSTIN DISCOVERY SCHOOL | http://www.austindiscoveryschool.org,TRAVIS COUNTY,,http://www.austindiscoveryschool.org,,none,not_found
,AUSTIN ISD | http://www.austinisd.org,TRAVIS COUNTY,,http://www.austinisd.org,http://www.austinisd.org/staff,crawl,found
,AUSTWELL-TIVOLI ISD | http://atisd.net,REFUGIO COUNTY,,http://atisd.net,,none,not_found
,AVALON ISD | http://avalon.tx.schoolwebpages.com,ELLIS COUNTY,,http://avalon.tx.schoolwebpages.com,,none,not_found
,AVERY ISD | http://www.averyisd.net,RED RIVER COUNTY,,http://www.averyisd.net,,none,not_found
,AVINGER ISD | http://www.avingerisd.net,CASS COUNTY,,http://www.avingerisd.net,,none,not_found
,AXTELL ISD | http://www.axtellisd.net,MCLENNAN COUNTY,,http://www.axtellisd.net,http://www.axtellisd.net/staff,path,found
,AZLE ISD | http://www.azleisd.net,TARRANT COUNTY,,http://www.azleisd.net,http://www.azleisd.net/staff,path,found
,BAIRD ISD | http://www.bairdisd.net,CALLAHAN COUNTY,,http://www.bairdisd.net,http://www.bairdisd.net/staff1.html,crawl,found
,BALLINGER ISD | http://www.ballingerisd.net,RUNNELS COUNTY,,http://www.ballingerisd.net,https://www.ballingerisd.net/apps/staff/,crawl,found
,BALMORHEA ISD | http://bisdbears.esc18.net,REEVES COUNTY,,http://bisdbears.esc18.net,,none,not_found
,BANDERA ISD | http://www.banderaisd.net,BANDERA COUNTY,,http://www.banderaisd.net,http://www.banderaisd.net/apps/staff,crawl,found
,BANGS ISD | http://www.bangsisd.net,BROWN COUNTY,,http://www.bangsisd.net,,none,not_found
,BANQUETE ISD | http://www.banqueteisd.net,NUECES COUNTY,,http://www.banqueteisd.net,http://www.banqueteisd.net/staff/staff-directory,path,found
,BARBERS HILL ISD | http://www.bhisd.net,CHAMBERS COUNTY,,http://www.bhisd.net,http://www.bhisd.net/staff-directory,path,found
,BARTLETT ISD | http://bartlett.txed.net,BELL COUNTY,,http://bartlett.txed.net,http://bartlett.txed.net/apps/staff/,crawl,found
,BARTLETT ISD | http://www.bartlett.txed.net,BELL COUNTY,,http://www.bartlett.txed.net,http://www.bartlett.txed.net/apps/staff/,crawl,found
,BASIS TEXAS | http://basisschools.org/school/basis-san-antonio-north,BEXAR COUNTY,,http://basisschools.org/school/basis-san-antonio-north,,none,not_found
,BASIS TEXAS | http://www.basissanantonio.org,BEXAR COUNTY,,http://www.basissanantonio.org,,none,not_found
,BASTROP ISD | http://www.bisdtx.org,BASTROP COUNTY,,http://www.bisdtx.org,http://www.bisdtx.org/about-bisd/district-staff-directory,crawl,found
,BAY AREA CHARTER INC | http://www.bayareacharter.com,HARRIS COUNTY,,http://www.bayareacharter.com,,none,not_found
,BAY CITY ISD | http://www.bcblackcats.net,MATAGORDA COUNTY,,http://www.bcblackcats.net,http://www.bcblackcats.net/apps/staff,crawl,found
,BEAUMONT ISD | http://www.bmtisd.com,JEFFERSON COUNTY,,http://www.bmtisd.com,http://www.bmtisd.com/departments/athletics/homepage/coaching-staff-contact-information,crawl,found
,BEAUMONT ISD | http://www.bmtisd.com/amelia,JEFFERSON COUNTY,,http://www.bmtisd.com/amelia,,none,not_found
,BEAUMONT ISD | http://www.bmtisd.com/caldwood,JEFFERSON COUNTY,,http://www.bmtisd.com/caldwood,,none,not_found
,BEAUMONT ISD | http://www.bmtisd.com/central,JEFFERSON COUNTY,,http://www.bmtisd.com/central,,none,not_found
,BEAUMONT ISD | http://www.bmtisd.com/curtis,JEFFERSON COUNTY,,http://www.bmtisd.com/curtis,,none,not_found
,BEAUMONT ISD | http://www.bmtisd.com/dishman,JEFFERSON COUNTY,,http://www.bmtisd.com/dishman,,none,not_found
,BEAUMONT ISD | http://www.bmtisd.com/fletcher,JEFFERSON COUNTY,,http://www.bmtisd.com/fletcher,,none,not_found
,BEAUMONT ISD | http://www.bmtisd.com/guess,JEFFERSON COUNTY,,http://www.bmtisd.com/guess,,none,not_found
,BEAUMONT ISD | http://www.bmtisd.com/homer,JEFFERSON COUNTY,,http://www.bmtisd.com/homer,,none,not_found
,BEAUMONT ISD | http://www.bmtisd.com/king,JEFFERSON COUNTY,,http://www.bmtisd.com/king,,none,not_found
,BEAUMONT ISD | http://www.bmtisd.com/marshall,JEFFERSON COUNTY,,http://www.bmtisd.com/marshall,,none,not_found
,BEAUMONT ISD | http://www.bmtisd.com/odom,JEFFERSON COUNTY,,http://www.bmtisd.com/odom,,none,not_found
,BEAUMONT ISD | http://www.bmtisd.com/ozen,JEFFERSON COUNTY,,http://www.bmtisd.com/ozen,,none,not_found
,BEAUMONT ISD | http://www.bmtisd.com/piemac,JEFFERSON COUNTY,,http://www.bmtisd.com/piemac,,none,not_found
,BEAUMONT ISD | http://www.bmtisd.com/regina,JEFFERSON COUNTY,,http://www.bmtisd.com/regina,,none,not_found
,BEAUMONT ISD | http://www.bmtisd.com/smith,JEFFERSON COUNTY,,http://www.bmtisd.com/smith,,none,not_found
,BEAUMONT ISD | http://www.bmtisd.com/southpark,JEFFERSON COUNTY,,http://www.bmtisd.com/southpark,,none,not_found
,BEAUMONT ISD | http://www.bmtisd.com/vincent,JEFFERSON COUNTY,,http://www.bmtisd.com/vincent,,none,not_found
,BEAUMONT ISD | http://www.bmtisd.com/westbrook,JEFFERSON COUNTY,,http://www.bmtisd.com/westbrook,,none,not_found
,BECKVILLE ISD | http://www.beckvilleisd.net,PANOLA COUNTY,,http://www.beckvilleisd.net,http://www.beckvilleisd.net/home/staff-directory,crawl,found
,BEEVILLE ISD | http://beevilleisd.net,BEE COUNTY,,http://beevilleisd.net,,none,not_found
,BELLEVUE ISD | http://www.bellevueisd.org,CLAY COUNTY,,http://www.bellevueisd.org,http://www.bellevueisd.org/vnews/display.v/StaffDirectory,crawl,found
,BELLS ISD | http://www.bellsisd.net,GRAYSON COUNTY,,http://www.bellsisd.net,,none,not_found
,BELLVILLE ISD | http://www.bellvilleisd.org,AUSTIN COUNTY,,http://www.bellvilleisd.org,,none,not_found
,BELTON ISD | http://www.bisd.net,BELL COUNTY,,http://www.bisd.net,http://www.bisd.net/about-us/superintendent/leadership-definition,crawl,found
,BENAVIDES ISD | http://www.benavidesisd.net,DUVAL COUNTY,,http://www.benavidesisd.net,http://www.benavidesisd.net/directory,path,found
,BENJAMIN ISD | http://www.benjaminisd.net,KNOX COUNTY,,http://www.benjaminisd.net,,none,not_found
,BIG SANDY ISD | http://www.bigsandyisd.net,POLK COUNTY,,http://www.bigsandyisd.net,,none,not_found
,BIG SANDY ISD | http://www.bigsandyisd.org,UPSHUR COUNTY,,http://www.bigsandyisd.org,http://www.bigsandyisd.org/staff,path,found
,BIG SPRING ISD | http://www.bsisd.esc18.net,HOWARD COUNTY,,http://www.bsisd.esc18.net,http://www.bsisd.esc18.net/departments/school-safety-security/staff,crawl,found
,BIG SPRINGS CHARTER SCHOOL | http://www.bigspringscharterschool.com,REAL COUNTY,,http://www.bigspringscharterschool.com,,none,not_found
,BIRDVILLE ISD | http://schools.birdvilleschools.net/Domain/1272,TARRANT COUNTY,,http://schools.birdvilleschools.net/Domain/1272,,none,not_found
,BIRDVILLE ISD | http://www.birdville.schools.net,TARRANT COUNTY,,http://www.birdville.schools.net,,none,not_found
,BIRDVILLE ISD | http://www.birdvilleschools.net,TARRANT COUNTY,,http://www.birdvilleschools.net,http://www.birdvilleschools.net/our-district/district-directory,crawl,found
,BISHOP CISD | http://www.bishopcisd.net,NUECES COUNTY,,http://www.bishopcisd.net,http://www.bishopcisd.net/facultystaff-directory,crawl,found
,BLACKWELL CISD | http://www.blackwellhornets.org,NOLAN COUNTY,,http://www.blackwellhornets.org,,none,not_found
,BLANCO ISD | http://blancoisd.org,BLANCO COUNTY,,http://blancoisd.org,,none,not_found
,BLAND ISD | http://www.blandisd.us,HUNT COUNTY,,http://www.blandisd.us,,none,not_found
,BLANKET ISD | http://www.blanketisd.net,BROWN COUNTY,,http://www.blanketisd.net,,none,not_found
,BLOOMBURG ISD | http://www.bloomburgisd.net,CASS COUNTY,,http://www.bloomburgisd.net,,none,not_found
,BLOOMING GROVE ISD | http://www.bgisd.org,NAVARRO COUNTY,,http://www.bgisd.org,http://www.bgisd.org/apps/pages/index.jsp?uREC_ID=424977&type=d&pREC_ID=staff,crawl,found
,BLOOMINGTON ISD | http://www.bisd-tx.org,VICTORIA COUNTY,,http://www.bisd-tx.org,http://www.bisd-tx.org/staff,path,found
,BLUE RIDGE ISD | http://brisd.net,COLLIN COUNTY,,http://brisd.net,http://brisd.net/staff,path,found
,BLUE RIDGE ISD | http://www.brisd.com,COLLIN COUNTY,,http://www.brisd.com,,none,not_found
,BLUE RIDGE ISD | http://www.brisd.net,COLLIN COUNTY,,http://www.brisd.net,http://www.brisd.net/staff,path,found
,BLUFF DALE ISD | http://www.bdisd.net,ERATH COUNTY,,http://www.bdisd.net,,none,not_found
,BLUM ISD | http://www.blumisd.net,HILL COUNTY,,http://www.blumisd.net,http://www.blumisd.net/academics/u_i_l_academics/staff,crawl,found
,BOB HOPE SCHOOL | http://www.bobhopeschool.org,JEFFERSON COUNTY,,http://www.bobhopeschool.org,,none,not_found
,BOERNE ISD | http://boerne-isd.net,KENDALL COUNTY,,http://boerne-isd.net,,none,not_found
,BOERNE ISD | http://www.boerne-isd.net,KENDALL COUNTY,,http://www.boerne-isd.net,,none,not_found
,BOLING ISD | http://www.bolingisd.net,WHARTON COUNTY,,http://www.bolingisd.net,,none,not_found
,BONHAM ISD | http://bonhamisd.org,FANNIN COUNTY,,http://bonhamisd.org,,none,not_found
,BOOKER ISD | http://www.region16.net/bookerisd,LIPSCOMB COUNTY,,http://www.region16.net/bookerisd,,none,not_found
,BORDEN COUNTY ISD | http://www.bcisd.net,BORDEN COUNTY,,http://www.bcisd.net,,none,not_found
,BORGER ISD | http://www.borgerisd.net,HUTCHINSON COUNTY,,http://www.borgerisd.net,,none,not_found
,BOVINA ISD | http://www.bovinaisd.org,PARMER COUNTY,,http://www.bovinaisd.org,http://www.bovinaisd.org/staff,path,found
,BOWIE ISD | http://www.bowieisd.net,MONTAGUE COUNTY,,http://www.bowieisd.net,http://www.bowieisd.net/staff,path,found
,BOYD ISD | http://www.boydisd.net,WISE COUNTY,,http://www.boydisd.net,,none,not_found
,BOYS RANCH ISD | http://www.boysranchisd.org,OLDHAM COUNTY,,http://www.boysranchisd.org,,none,not_found
,BRACKETT ISD | http://www.brackettisd.net,KINNEY COUNTY,,http://www.brackettisd.net,http://www.brackettisd.net/staff-directory,path,found
,BRADY ISD | http://www.bradyisd.org,MCCULLOCH COUNTY,,http://www.bradyisd.org,,none,not_found
,BRAZOS ISD | http://brazosisd.net,AUSTIN COUNTY,,http://brazosisd.net,http://brazosisd.net/page/staff,crawl,found
,BRAZOS ISD | http://www.brazosisd.net,AUSTIN COUNTY,,http://www.brazosisd.net,http://www.brazosisd.net/page/staff,crawl,found
,BRAZOSPORT ISD | http://www.brazosportisd.net,BRAZORIA COUNTY,,http://www.brazosportisd.net,http://www.brazosportisd.net/district/staff_directory,crawl,found
,BRECKENRIDGE ISD | http://www.breckenridgeisd.org,STEPHENS COUNTY,,http://www.breckenridgeisd.org,,none,not_found
,BREMOND ISD | http://bremondisd.net,ROBERTSON COUNTY,,http://bremondisd.net,,none,not_found
,BRENHAM ISD | http://www.brenhamisd.net,WASHINGTON COUNTY,,http://www.brenhamisd.net,http://www.brenhamisd.net/page/about.directory,crawl,found
,BRIDGE CITY ISD | http://www.bridgecityisd.net,ORANGE COUNTY,,http://www.bridgecityisd.net,,none,not_found
,BRIDGEPORT ISD | http://www.bridgeportisd.net,WISE COUNTY,,http://www.bridgeportisd.net,http://www.bridgeportisd.net/staff-directory,path,found
,BROADDUS ISD | http://www.broaddusisd.net,SAN AUGUSTINE COUNTY,,http://www.broaddusisd.net,,none,not_found
,BROCK ISD | http://www.brockisd.net,PARKER COUNTY,,http://www.brockisd.net,,none,not_found
,BRONTE ISD | http://www.bronteisd.net,COKE COUNTY,,http://www.bronteisd.net,http://www.bronteisd.net/faculty-and-staff,crawl,found
,BROOKELAND ISD | http://www.brookelandisd.net,JASPER COUNTY,,http://www.brookelandisd.net,http://www.brookelandisd.net/staff,path,found
,BROOKESMITH ISD | http://www.brookesmithisd.net,BROWN COUNTY,,http://www.brookesmithisd.net,http://www.brookesmithisd.net/staff-directory,path,found
,BROOKS ACADEMY OF SCIENCE AND ENGINEERING | http://www.brooksacademy.org,BEXAR COUNTY,,http://www.brooksacademy.org,http://www.brooksacademy.org,crawl,found
,BROOKS COUNTY ISD | http://fes.bcisdistrict.net,BROOKS COUNTY,,http://fes.bcisdistrict.net,,none,not_found
,BROOKS COUNTY ISD | http://fhs.bcisdistrict.net,BROOKS COUNTY,,http://fhs.bcisdistrict.net,,none,not_found
,BROOKS COUNTY ISD | http://fjhs.bcisdistrict.net,BROOKS COUNTY,,http://fjhs.bcisdistrict.net,,none,not_found
,BROOKS COUNTY ISD | http://les.bcisdistrict.net,BROOKS COUNTY,,http://les.bcisdistrict.net,,none,not_found
,BROWNFIELD ISD | http://www.brownfieldisd.net,TERRY COUNTY,,http://www.brownfieldisd.net,,none,not_found
,BROWNSBORO ISD | http://www.gobearsgo.net,HENDERSON COUNTY,,http://www.gobearsgo.net,http://www.gobearsgo.net/staff-directory,crawl,found
,BROWNSVILLE ISD | http://www.bisd.us,CAMERON COUNTY,,http://www.bisd.us,,none,not_found
,BROWNSVILLE ISD | http://www.bisd.us/Adult_Continuing_Education,CAMERON COUNTY,,http://www.bisd.us/Adult_Continuing_Education,,none,not_found
,BROWNSVILLE ISD | http://www.bisd.us/Keller,CAMERON COUNTY,,http://www.bisd.us/Keller,,none,not_found
,BROWNSVILLE ISD | http://www.bisd.us/Manzano,CAMERON COUNTY,,http://www.bisd.us/Manzano,,none,not_found
,BROWNSVILLE ISD | http://www.bisd.us/Pena,CAMERON COUNTY,,http://www.bisd.us/Pena,,none,not_found
,BROWNSVILLE ISD | http://www.bisd.us/Pullam,CAMERON COUNTY,,http://www.bisd.us/Pullam,,none,not_found
,BROWNSVILLE ISD | http://www.bisd.us/VeteransMemorial,CAMERON COUNTY,,http://www.bisd.us/VeteransMemorial,,none,not_found
,BROWNSVILLE ISD | http://www.bisd.us/aiken,CAMERON COUNTY,,http://www.bisd.us/aiken,,none,not_found
,BROWNSVILLE ISD | http://www.bisd.us/bac,CAMERON COUNTY,,http://www.bisd.us/bac,,none,not_found
,BROWNSVILLE ISD | http://www.bisd.us/benavides,CAMERON COUNTY,,http://www.bisd.us/benavides,,none,not_found
,BROWNSVILLE ISD | http://www.bisd.us/besteiro,CAMERON COUNTY,,http://www.bisd.us/besteiro,,none,not_found
,BROWNSVILLE ISD | http://www.bisd.us/bla,CAMERON COUNTY,,http://www.bisd.us/bla,,none,not_found
,BROWNSVILLE ISD | http://www.bisd.us/brite,CAMERON COUNTY,,http://www.bisd.us/brite,,none,not_found
,BROWNSVILLE ISD | http://www.bisd.us/burns,CAMERON COUNTY,,http://www.bisd.us/burns,,none,not_found
,BROWNSVILLE ISD | http://www.bisd.us/canales,CAMERON COUNTY,,http://www.bisd.us/canales,,none,not_found
,BROWNSVILLE ISD | http://www.bisd.us/castaneda,CAMERON COUNTY,,http://www.bisd.us/castaneda,,none,not_found
,BROWNSVILLE ISD | http://www.bisd.us/champion,CAMERON COUNTY,,http://www.bisd.us/champion,,none,not_found
,BROWNSVILLE ISD | http://www.bisd.us/cromack,CAMERON COUNTY,,http://www.bisd.us/cromack,,none,not_found
,BROWNSVILLE ISD | http://www.bisd.us/cummings,CAMERON COUNTY,,http://www.bisd.us/cummings,,none,not_found
,BROWNSVILLE ISD | http://www.bisd.us/delcastillo,CAMERON COUNTY,,http://www.bisd.us/delcastillo,,none,not_found
,BROWNSVILLE ISD | http://www.bisd.us/egly,CAMERON COUNTY,,http://www.bisd.us/egly,,none,not_found
,BROWNSVILLE ISD | http://www.bisd.us/eljardin,CAMERON COUNTY,,http://www.bisd.us/eljardin,,none,not_found
,BROWNSVILLE ISD | http://www.bisd.us/faulk,CAMERON COUNTY,,http://www.bisd.us/faulk,,none,not_found
,BROWNSVILLE ISD | http://www.bisd.us/gallegos,CAMERON COUNTY,,http://www.bisd.us/gallegos,,none,not_found
,BROWNSVILLE ISD | http://www.bisd.us/garcia,CAMERON COUNTY,,http://www.bisd.us/garcia,,none,not_found
,BROWNSVILLE ISD | http://www.bisd.us/gardenpark,CAMERON COUNTY,,http://www.bisd.us/gardenpark,,none,not_found
,BROWNSVILLE ISD | http://www.bisd.us/garza,CAMERON COUNTY,,http://www.bisd.us/garza,,none,not_found
,BROWNSVILLE ISD | http://www.bisd.us/gonzalez,CAMERON COUNTY,,http://www.bisd.us/gonzalez,,none,not_found
,BROWNSVILLE ISD | http://www.bisd.us/hanna,CAMERON COUNTY,,http://www.bisd.us/hanna,,none,not_found
,BROWNSVILLE ISD | http://www.bisd.us/hudson,CAMERON COUNTY,,http://www.bisd.us/hudson,,none,not_found
,BROWNSVILLE ISD | http://www.bisd.us/lincolnpark,CAMERON COUNTY,,http://www.bisd.us/lincolnpark,,none,not_found
,BROWNSVILLE ISD | http://www.bisd.us/longoria,CAMERON COUNTY,,http://www.bisd.us/longoria,,none,not_found
,BROWNSVILLE ISD | http://www.bisd.us/lopez,CAMERON COUNTY,,http://www.bisd.us/lopez,,none,not_found
,BROWNSVILLE ISD | http://www.bisd.us/lucio,CAMERON COUNTY,,http://www.bisd.us/lucio,,none,not_found
,BROWNSVILLE ISD | http://www.bisd.us/martin,CAMERON COUNTY,,http://www.bisd.us/martin,,none,not_found
,BROWNSVILLE ISD | http://www.bisd.us/morningside,CAMERON COUNTY,,http://www.bisd.us/morningside,,none,not_found
,BROWNSVILLE ISD | http://www.bisd.us/oliveira,CAMERON COUNTY,,http://www.bisd.us/oliveira,,none,not_found
,BROWNSVILLE ISD | http://www.bisd.us/ortiz,CAMERON COUNTY,,http://www.bisd.us/ortiz,,none,not_found
,BROWNSVILLE ISD | http://www.bisd.us/pace,CAMERON COUNTY,,http://www.bisd.us/pace,,none,not_found
,BROWNSVILLE ISD | http://www.bisd.us/palmgrove,CAMERON COUNTY,,http://www.bisd.us/palmgrove,,none,not_found
,BROWNSVILLE ISD | http://www.bisd.us/paredes,CAMERON COUNTY,,http://www.bisd.us/paredes,,none,not_found
,BROWNSVILLE ISD | http://www.bisd.us/perez,CAMERON COUNTY,,http://www.bisd.us/perez,,none,not_found
,BROWNSVILLE ISD | http://www.bisd.us/perkins,CAMERON COUNTY,,http://www.bisd.us/perkins,,none,not_found
,BROWNSVILLE ISD | http://www.bisd.us/porter,CAMERON COUNTY,,http://www.bisd.us/porter,,none,not_found
,BROWNSVILLE ISD | http://www.bisd.us/putegnatelem/toppage1.htm,CAMERON COUNTY,,http://www.bisd.us/putegnatelem/toppage1.htm,,none,not_found
,BROWNSVILLE ISD | http://www.bisd.us/resaca,CAMERON COUNTY,,http://www.bisd.us/resaca,,none,not_found
,BROWNSVILLE ISD | http://www.bisd.us/rivera,CAMERON COUNTY,,http://www.bisd.us/rivera,,none,not_found
,BROWNSVILLE ISD | http://www.bisd.us/russell,CAMERON COUNTY,,http://www.bisd.us/russell,,none,not_found
,BROWNSVILLE ISD | http://www.bisd.us/sharp,CAMERON COUNTY,,http://www.bisd.us/sharp,,none,not_found
,BROWNSVILLE ISD | http://www.bisd.us/skinner,CAMERON COUNTY,,http://www.bisd.us/skinner,,none,not_found
,BROWNSVILLE ISD | http://www.bisd.us/southmost,CAMERON COUNTY,,http://www.bisd.us/southmost,,none,not_found
,BROWNSVILLE ISD | http://www.bisd.us/stell,CAMERON COUNTY,,http://www.bisd.us/stell,,none,not_found
,BROWNSVILLE ISD | http://www.bisd.us/stillman,CAMERON COUNTY,,http://www.bisd.us/stillman,,none,not_found
,BROWNSVILLE ISD | http://www.bisd.us/vela,CAMERON COUNTY,,http://www.bisd.us/vela,,none,not_found
,BROWNSVILLE ISD | http://www.bisd.us/vermillion,CAMERON COUNTY,,http://www.bisd.us/vermillion,,none,not_found
,BROWNSVILLE ISD | http://www.bisd.us/victoriaheights,CAMERON COUNTY,,http://www.bisd.us/victoriaheights,,none,not_found
,BROWNSVILLE ISD | http://www.bisd.us/villa_nueva,CAMERON COUNTY,,http://www.bisd.us/villa_nueva,,none,not_found
,BROWNSVILLE ISD | http://www.bisd.us/yturria,CAMERON COUNTY,,http://www.bisd.us/yturria,,none,not_found
,BROWNSVILLE ISD | http://www.swkey.org,CAMERON COUNTY,,http://www.swkey.org,,none,not_found
,BROWNWOOD ISD | http://www.brownwoodisd.org,BROWN COUNTY,,http://www.brownwoodisd.org,,none,not_found
,BRUCEVILLE-EDDY ISD | http://www.beisd.net,MCLENNAN COUNTY,,http://www.beisd.net,http://www.beisd.net/staff,path,found
,BRYAN ISD | http://bcollegiate.bryanisd.org,BRAZOS COUNTY,,http://bcollegiate.bryanisd.org,http://bcollegiate.bryanisd.org/staff,path,found
,BRYAN ISD | http://bonham.bryanisd.org,BRAZOS COUNTY,,http://bonham.bryanisd.org,http://bonham.bryanisd.org/staff,path,found
,BRYAN ISD | http://bowen.bryanisd.org,BRAZOS COUNTY,,http://bowen.bryanisd.org,http://bowen.bryanisd.org/staff,path,found
,BRYAN ISD | http://branch.bryanisd.org,BRAZOS COUNTY,,http://branch.bryanisd.org,http://branch.bryanisd.org/staff,path,found
,BRYAN ISD | http://bryanhs.bryanisd.org,BRAZOS COUNTY,,http://bryanhs.bryanisd.org,http://bryanhs.bryanisd.org/staff,path,found
,BRYAN ISD | http://crockett.bryanisd.org,BRAZOS COUNTY,,http://crockett.bryanisd.org,http://crockett.bryanisd.org/staff,path,found
,BRYAN ISD | http://davila.bryanisd.org,BRAZOS COUNTY,,http://davila.bryanisd.org,http://davila.bryanisd.org/staff,path,found
,BRYAN ISD | http://fannin.bryanisd.org,BRAZOS COUNTY,,http://fannin.bryanisd.org,http://fannin.bryanisd.org/staff,path,found
,BRYAN ISD | http://henderson.bryanisd.org,BRAZOS COUNTY,,http://henderson.bryanisd.org,http://henderson.bryanisd.org/staff,path,found
,BRYAN ISD | http://houston.bryanisd.org,BRAZOS COUNTY,,http://houston.bryanisd.org,http://houston.bryanisd.org/staff,path,found
,BRYAN ISD | http://johnson.bryanisd.org,BRAZOS COUNTY,,http://johnson.bryanisd.org,http://johnson.bryanisd.org/staff,path,found
,BRYAN ISD | http://jones.bryanisd.org,BRAZOS COUNTY,,http://jones.bryanisd.org,http://jones.bryanisd.org/staff,path,found
,BRYAN ISD | http://kemp.bryanisd.org,BRAZOS COUNTY,,http://kemp.bryanisd.org,,none,not_found
,BRYAN ISD | http://long.bryanisd.org,BRAZOS COUNTY,,http://long.bryanisd.org,http://long.bryanisd.org/staff,path,found
,BRYAN ISD | http://mcharris.bryanisd.org,BRAZOS COUNTY,,http://mcharris.bryanisd.org,http://mcharris.bryanisd.org/staff,path,found
,BRYAN ISD | http://milam.bryanisd.org,BRAZOS COUNTY,,http://milam.bryanisd.org,,none,not_found
,BRYAN ISD | http://mitchell.bryanisd.org,BRAZOS COUNTY,,http://mitchell.bryanisd.org,http://mitchell.bryanisd.org/staff,path,found
,BRYAN ISD | http://neal.bryanisd.org,BRAZOS COUNTY,,http://neal.bryanisd.org,http://neal.bryanisd.org/staff,path,found
,BRYAN ISD | http://rayburn.bryanisd.org,BRAZOS COUNTY,,http://rayburn.bryanisd.org,http://rayburn.bryanisd.org/staff,path,found
,BRYAN ISD | http://ross.bryanisd.org,BRAZOS COUNTY,,http://ross.bryanisd.org,http://ross.bryanisd.org/staff,path,found
,BRYAN ISD | http://rudderhs.bryanisd.org,BRAZOS COUNTY,,http://rudderhs.bryanisd.org,http://rudderhs.bryanisd.org/staff,path,found
,BRYAN ISD | http://sfaustin.bryanisd.org,BRAZOS COUNTY,,http://sfaustin.bryanisd.org,http://sfaustin.bryanisd.org/staff,path,found
,BRYAN ISD | http://www.bryanisd.org,BRAZOS COUNTY,,http://www.bryanisd.org,http://www.bryanisd.org/staff,path,found
,BRYSON ISD | http://www.brysonisd.net,JACK COUNTY,,http://www.brysonisd.net,http://www.brysonisd.net/vnews/display.v/SEC/Administration,crawl,found
,BUCKHOLTS ISD | http://www.buckholtsisd.net,MILAM COUNTY,,http://www.buckholtsisd.net,http://www.buckholtsisd.net/about_us/staff_directory,crawl,found
,BUENA VISTA ISD | http://www.bvisd.net,PECOS COUNTY,,http://www.bvisd.net,http://www.bvisd.net/staff,path,found
,BUFFALO ISD | http://www.buffaloisd.net,LEON COUNTY,,http://www.buffaloisd.net,,none,not_found
,BULLARD ISD | http://www.bullardisd.net,SMITH COUNTY,,http://www.bullardisd.net,http://www.bullardisd.net/departments/curriculum-instruction/ci-staff,crawl,found
,BUNA ISD | http://www.bunaisd.net,JASPER COUNTY,,http://www.bunaisd.net,,none,not_found
,BURKBURNETT ISD | http://www.burkburnettisd.org,WICHITA COUNTY,,http://www.burkburnettisd.org,http://www.burkburnettisd.org/staff,path,found
,BURKEVILLE ISD | http://burkevilleisd.org,NEWTON COUNTY,,http://burkevilleisd.org,,none,not_found
,BURLESON ISD | http://academy.burlesonisd.net,JOHNSON COUNTY,,http://academy.burlesonisd.net,http://academy.burlesonisd.net/staff-directory,path,found
,BURLESON ISD | http://bhs.burlesonisd.net,JOHNSON COUNTY,,http://bhs.burlesonisd.net,http://bhs.burlesonisd.net/staff-directory,path,found
,BURLESON ISD | http://bransom.burlesonisd.net,JOHNSON COUNTY,,http://bransom.burlesonisd.net,http://bransom.burlesonisd.net/staff-directory,path,found
,BURLESON ISD | http://brock.burlesonisd.net,JOHNSON COUNTY,,http://brock.burlesonisd.net,http://brock.burlesonisd.net/staff-directory,path,found
,BURLESON ISD | http://chs.burlesonisd.net,JOHNSON COUNTY,,http://chs.burlesonisd.net,http://chs.burlesonisd.net/staff-directory,path,found
,BURLESON ISD | http://clinkscale.burlesonisd.net,JOHNSON COUNTY,,http://clinkscale.burlesonisd.net,http://clinkscale.burlesonisd.net/staff-directory,path,found
,BURLESON ISD | http://crossroads.burlesonisd.net,JOHNSON COUNTY,,http://crossroads.burlesonisd.net,http://crossroads.burlesonisd.net/staff-directory,path,found
,BURLESON ISD | http://frazier.burlesonisd.net,JOHNSON COUNTY,,http://frazier.burlesonisd.net,http://frazier.burlesonisd.net/staff-directory,path,found
,BURLESON ISD | http://hajek.burlesonisd.net,JOHNSON COUNTY,,http://hajek.burlesonisd.net,http://hajek.burlesonisd.net/staff-directory,path,found
,BURLESON ISD | http://hughes.burlesonisd.net,JOHNSON COUNTY,,http://hughes.burlesonisd.net,http://hughes.burlesonisd.net/staff-directory,path,found
,BURLESON ISD | http://kerr.burlesonisd.net,JOHNSON COUNTY,,http://kerr.burlesonisd.net,http://kerr.burlesonisd.net/staff-directory,path,found
,BURLESON ISD | http://mound.burlesonisd.net,JOHNSON COUNTY,,http://mound.burlesonisd.net,http://mound.burlesonisd.net/staff-directory,path,found
,BURLESON ISD | http://norwood.burlesonisd.net,JOHNSON COUNTY,,http://norwood.burlesonisd.net,http://norwood.burlesonisd.net/staff-directory,path,found
,BURLESON ISD | http://stribling.burlesonisd.net,JOHNSON COUNTY,,http://stribling.burlesonisd.net,http://stribling.burlesonisd.net/staff-directory,path,found
,BURLESON ISD | http://taylor.burlesonisd.net,JOHNSON COUNTY,,http://taylor.burlesonisd.net,http://taylor.burlesonisd.net/staff-directory,path,found
,BURLESON ISD | http://www.burlesonisd.net,JOHNSON COUNTY,,http://www.burlesonisd.net,http://www.burlesonisd.net/departments/counseling-services/staff-directory,crawl,found
,BURNET CISD | http://www.burnet.txed.net,BURNET COUNTY,,http://www.burnet.txed.net,http://www.burnet.txed.net/apps/pages/index.jsp?uREC_ID=3630650&type=d&pREC_ID=staff,crawl,found
,BURNHAM WOOD CHARTER SCHOOL DISTRICT | http://www.burnhamwood.org,EL PASO COUNTY,,http://www.burnhamwood.org,,none,not_found
,BURTON ISD | http://www.burtonisd.net,WASHINGTON COUNTY,,http://www.burtonisd.net,http://www.burtonisd.net/staff,path,found
,BUSHLAND ISD | http://bushlandisd.org,POTTER COUNTY,,http://bushlandisd.org,,none,not_found
,BUSHLAND ISD | http://www.bushlandisd.org,POTTER COUNTY,,http://www.bushlandisd.org,,none,not_found
,BYNUM ISD | http://www.bynumisd.net,HILL COUNTY,,http://www.bynumisd.net,,none,not_found
,CALALLEN ISD | http://www.calallen.org,NUECES COUNTY,,http://www.calallen.org,http://www.calallen.org/leadership-clone,crawl,found
,CALDWELL ISD | http://www.caldwellisd.net,BURLESON COUNTY,,http://www.caldwellisd.net,http://www.caldwellisd.net/staff,path,found
,CALHOUN COUNTY ISD | http://www.calcoisd.org,CALHOUN COUNTY,,http://www.calcoisd.org,,none,not_found
,CALLISBURG ISD | http://www.cisdtx.net,COOKE COUNTY,,http://www.cisdtx.net,,none,not_found
,CALVERT ISD | http://www.calvertisd.com,ROBERTSON COUNTY,,http://www.calvertisd.com,http://www.calvertisd.com/apps/staff/,crawl,found
,CALVIN NELMS CHARTER SCHOOLS | http://www.cnchs.net,HARRIS COUNTY,,http://www.cnchs.net,http://www.cnchs.net/staff/staff_directory,crawl,found
,CAMERON ISD | http://www.cameronisd.net,MILAM COUNTY,,http://www.cameronisd.net,http://www.cameronisd.net/page/Business.staff,crawl,found
,CAMPBELL ISD | http://www.campbellisd.org,HUNT COUNTY,,http://www.campbellisd.org,http://www.campbellisd.org/campus-departments/staff-resources,crawl,found
,CANADIAN ISD | http://www.canadianisd.net,HEMPHILL COUNTY,,http://www.canadianisd.net,,none,not_found
,CANTON ISD | http://www.cantonisd.net,VAN ZANDT COUNTY,,http://www.cantonisd.net,http://www.cantonisd.net/apps/pages/index.jsp?uREC_ID=91321&type=d&pREC_ID=staff,crawl,found
,CANUTILLO ISD | http://www.canutillo-isd.org,EL PASO COUNTY,,http://www.canutillo-isd.org,http://www.canutillo-isd.org,crawl,found
,CANYON ISD | http://www.canyonisd.net,RANDALL COUNTY,,http://www.canyonisd.net,,none,not_found
,CARLISLE ISD | http://www.carl.sprnet.org,RUSK COUNTY,,http://www.carl.sprnet.org,http://sprnet.org/supernet-instructional-staff-only/,crawl,found
,CARRIZO SPRINGS CISD | http://www.cscisd.net,DIMMIT COUNTY,,http://www.cscisd.net,,none,not_found
,CARROLL ISD | http://www.southlakecarroll.edu,TARRANT COUNTY,,http://www.southlakecarroll.edu,http://www.southlakecarroll.edu/staff-directory,path,found
,CARROLLTON-FARMERS BRANCH ISD | http://www.cfbisd.edu,DALLAS COUNTY,,http://www.cfbisd.edu,http://www.cfbisd.edu/about-us/contact-us/campus-directory,crawl,found
,CARTHAGE ISD | http://www.carthageisd.org,PANOLA COUNTY,,http://www.carthageisd.org,http://www.carthageisd.org/staff,path,found
,CASTLEBERRY ISD | http://avc.castleberryisd.net,TARRANT COUNTY,,http://avc.castleberryisd.net,http://avc.castleberryisd.net/directory,crawl,found
,CASTLEBERRY ISD | http://ce23.castleberryisd.net,TARRANT COUNTY,,http://ce23.castleberryisd.net,,none,not_found
,CASTLEBERRY ISD | http://chs.castleberryisd.net,TARRANT COUNTY,,http://chs.castleberryisd.net,http://chs.castleberryisd.net/staff,crawl,found
,CASTLEBERRY ISD | http://imms.castleberryisd.net,TARRANT COUNTY,,http://imms.castleberryisd.net,http://imms.castleberryisd.net/directory,crawl,found
,CASTLEBERRY ISD | http://jje.castleberryisd.net,TARRANT COUNTY,,http://jje.castleberryisd.net,http://jje.castleberryisd.net/staff,crawl,found
,CASTLEBERRY ISD | http://reach.castleberryisd.net,TARRANT COUNTY,,http://reach.castleberryisd.net,http://reach.castleberryisd.net/directory/staff,crawl,found
,CASTLEBERRY ISD | http://truce.castleberryisd.net,TARRANT COUNTY,,http://truce.castleberryisd.net,http://truce.castleberryisd.net/directory/StaffDirectory,crawl,found
,CASTLEBERRY ISD | http://www.castleberryisd.net,TARRANT COUNTY,,http://www.castleberryisd.net,http://www.castleberryisd.net/staff-links,crawl,found
,CAYUGA ISD | http://www.cayuga.esc7.net,ANDERSON COUNTY,,http://www.cayuga.esc7.net,,none,not_found
,CEDAR HILL ISD | http://www.chisd.com/schools/bray,DALLAS COUNTY,,http://www.chisd.com/schools/bray,,none,not_found
,CEDAR HILL ISD | http://www.chisd.com/schools/chhs,DALLAS COUNTY,,http://www.chisd.com/schools/chhs,,none,not_found
,CEDAR HILL ISD | http://www.chisd.com/schools/cms,DALLAS COUNTY,,http://www.chisd.com/schools/cms,,none,not_found
,CEDAR HILL ISD | http://www.chisd.com/schools/highlands,DALLAS COUNTY,,http://www.chisd.com/schools/highlands,,none,not_found
,CEDAR HILL ISD | http://www.chisd.com/schools/highpointe,DALLAS COUNTY,,http://www.chisd.com/schools/highpointe,,none,not_found
,CEDAR HILL ISD | http://www.chisd.com/schools/joewilson,DALLAS COUNTY,,http://www.chisd.com/schools/joewilson,,none,not_found
,CEDAR HILL ISD | http://www.chisd.com/schools/lakeridge,DALLAS COUNTY,,http://www.chisd.com/schools/lakeridge,,none,not_found
,CEDAR HILL ISD | http://www.chisd.com/schools/ngc,DALLAS COUNTY,,http://www.chisd.com/schools/ngc,,none,not_found
,CEDAR HILL ISD | http://www.chisd.com/schools/plummer,DALLAS COUNTY,,http://www.chisd.com/schools/plummer,,none,not_found
,CEDAR HILL ISD | http://www.chisd.com/schools/pms,DALLAS COUNTY,,http://www.chisd.com/schools/pms,,none,not_found
,CEDAR HILL ISD | http://www.chisd.com/schools/waterfordoaks,DALLAS COUNTY,,http://www.chisd.com/schools/waterfordoaks,,none,not_found
,CEDAR HILL ISD | http://www.chisd.com/schools/west,DALLAS COUNTY,,http://www.chisd.com/schools/west,,none,not_found
,CEDAR HILL ISD | http://www.chisd.net,DALLAS COUNTY,,http://www.chisd.net,http://www.chisd.net/directory,path,found
,CELESTE ISD | http://www.celesteisd.org,HUNT COUNTY,,http://www.celesteisd.org,,none,not_found
,CELINA ISD | http://www.celinaisd.com,COLLIN COUNTY,,http://www.celinaisd.com,http://www.celinaisd.com/who-we-are,crawl,found
,CENTER ISD | http://www.centerisd.org,SHELBY COUNTY,,http://www.centerisd.org,http://www.centerisd.org/page/dis.staffdirectory,crawl,found
,CENTER POINT ISD | http://www.cpisd.net,KERR COUNTY,,http://www.cpisd.net,,none,not_found
,CENTERVILLE ISD | http://www.centerville.k12.tx.us,LEON COUNTY,,http://www.centerville.k12.tx.us,,none,not_found
,CENTERVILLE ISD | http://www.centervilleisd.net,TRINITY COUNTY,,http://www.centervilleisd.net,https://centervilleisd.net/staff/,crawl,found
,CENTRAL HEIGHTS ISD | http://centralhts.org,NACOGDOCHES COUNTY,,http://centralhts.org,,none,not_found
,CENTRAL HEIGHTS ISD | http://www.centralhts.org,NACOGDOCHES COUNTY,,http://www.centralhts.org,,none,not_found
,CENTRAL ISD | http://www.centralisd.com,ANGELINA COUNTY,,http://www.centralisd.com,,none,not_found
,CHANNELVIEW ISD | http://www.cvisd.org,HARRIS COUNTY,,http://www.cvisd.org,http://www.cvisd.org/staff,path,found
,CHAPARRAL STAR ACADEMY | http://www.chaparralstaracademy.com,TRAVIS COUNTY,,http://www.chaparralstaracademy.com,http://www.chaparralstaracademy.com/apps/staff/,crawl,found
,CHAPEL HILL ACADEMY | http://www.chapelhillacademy.org,TARRANT COUNTY,,http://www.chapelhillacademy.org,,none,not_found
,CHAPEL HILL ISD | http://chisddevils.com,TITUS COUNTY,,http://chisddevils.com,,none,not_found
,CHAPEL HILL ISD | http://www.chapelhillisd.org,SMITH COUNTY,,http://www.chapelhillisd.org,,none,not_found
,CHARLOTTE ISD | http://www.charlotteisd.net,ATASCOSA COUNTY,,http://www.charlotteisd.net,http://www.charlotteisd.net/vnews/display.v/SEC/Administration%7CAdministration%20Staff,crawl,found
,CHEROKEE ISD | http://www.cherokeeisd.net,SAN SABA COUNTY,,http://www.cherokeeisd.net,http://www.cherokeeisd.net/staff,path,found
,CHESTER ISD | http://chesterisd.com,TYLER COUNTY,,http://chesterisd.com,http://chesterisd.com/staff,path,found
,CHILDRESS ISD | http://www.childressisd.net,CHILDRESS COUNTY,,http://www.childressisd.net,http://www.childressisd.net/staff,path,found
,CHILLICOTHE ISD | http://www.cisd-tx.net,HARDEMAN COUNTY,,http://www.cisd-tx.net,,none,not_found
,CHILTON ISD | http://www.chiltonisd.org,FALLS COUNTY,,http://www.chiltonisd.org,http://www.chiltonisd.org/staff,path,found
,CHINA SPRING ISD | http://www.chinaspringisd.net,MCLENNAN COUNTY,,http://www.chinaspringisd.net,http://www.chinaspringisd.net/staff,path,found
,CHIRENO ISD | http://www.chirenoisd.org,NACOGDOCHES COUNTY,,http://www.chirenoisd.org,http://www.chirenoisd.org/staff,path,found
,CHISUM ISD | http://chisumisd.org,LAMAR COUNTY,,http://chisumisd.org,,none,not_found
,CHRISTOVAL ISD | http://www.christovalisd.org,TOM GREEN COUNTY,,http://www.christovalisd.org,http://www.christovalisd.org/staff,path,found
,CISCO ISD | http://www.ciscoisd.net,EASTLAND COUNTY,,http://www.ciscoisd.net,,none,not_found
,CITY VIEW ISD | http://www.cityview-isd.net,WICHITA COUNTY,,http://www.cityview-isd.net,,none,not_found
,CITYSCAPE SCHOOLS | http://www.cityscapeschools.org,DALLAS COUNTY,,http://www.cityscapeschools.org,https://www.cityscapeschools.org/about/leadershipteam/,crawl,found
,CLARENDON ISD | http://www.clarendonisd.net,DONLEY COUNTY,,http://www.clarendonisd.net,http://www.clarendonisd.net/staff,path,found
,CLARKSVILLE ISD | http://www.clarksvilleisd.net,RED RIVER COUNTY,,http://www.clarksvilleisd.net,,none,not_found
,CLAUDE ISD | http://www.claudeisd.net,ARMSTRONG COUNTY,,http://www.claudeisd.net,,none,not_found
,CLEAR CREEK ISD | http://www.ccisd.net,GALVESTON COUNTY,,http://www.ccisd.net,http://www.ccisd.net/joinourteam,crawl,found
,CLEBURNE ISD | http://cleburne.k12.tx.us,JOHNSON COUNTY,,http://cleburne.k12.tx.us,,none,not_found
,CLEBURNE ISD | http://www.cleburne.k12.tx.us,JOHNSON COUNTY,,http://www.cleburne.k12.tx.us,,none,not_found
,CLEVELAND ISD | http://www.clevelandisd.org,LIBERTY COUNTY,,http://www.clevelandisd.org,http://www.clevelandisd.org/staff,path,found
,CLIFTON ISD | http://www.cliftonisd.org,BOSQUE COUNTY,,http://www.cliftonisd.org,http://www.cliftonisd.org/staff,path,found
,CLINT ISD | http://www.clintweb.net,EL PASO COUNTY,,http://www.clintweb.net,http://www.clintweb.net/about-us/district-telephone-directory/directory,crawl,found
,CLYDE CISD | http://www.clyde.esc14.net,CALLAHAN COUNTY,,http://www.clyde.esc14.net,,none,not_found
,COAHOMA ISD | http://www.coahomaisd.com,HOWARD COUNTY,,http://www.coahomaisd.com,http://www.coahomaisd.com/staff,path,found
,COLDSPRING-OAKHURST CISD | http://www.cocisd.org,SAN JACINTO COUNTY,,http://www.cocisd.org,http://www.cocisd.org/directory,path,found
,COLLEGE STATION ISD | http://amchs.csisd.org,BRAZOS COUNTY,,http://amchs.csisd.org,http://amchs.csisd.org/about-us/staff-directory,path,found
,COLLEGE STATION ISD | http://amcms.csisd.org,BRAZOS COUNTY,,http://amcms.csisd.org,http://amcms.csisd.org/our-school/faculty-staff,crawl,found
,COLLEGE STATION ISD | http://cg.csisd.org,BRAZOS COUNTY,,http://cg.csisd.org,http://cg.csisd.org/directory,path,found
,COLLEGE STATION ISD | http://ch.csisd.org,BRAZOS COUNTY,,http://ch.csisd.org,http://ch.csisd.org/directory,path,found
,COLLEGE STATION ISD | http://cshs.csisd.org,BRAZOS COUNTY,,http://cshs.csisd.org,http://cshs.csisd.org/about-us/directory,crawl,found
,COLLEGE STATION ISD | http://csms.csisd.org,BRAZOS COUNTY,,http://csms.csisd.org,http://csms.csisd.org/directory,path,found
,COLLEGE STATION ISD | http://cv.csisd.org,BRAZOS COUNTY,,http://cv.csisd.org,http://cv.csisd.org/directory,path,found
,COLLEGE STATION ISD | http://fr.csisd.org,BRAZOS COUNTY,,http://fr.csisd.org,http://fr.csisd.org/our-school/staff-directory,crawl,found
,COLLEGE STATION ISD | http://gp.csisd.org,BRAZOS COUNTY,,http://gp.csisd.org,http://gp.csisd.org/directory,path,found
,COLLEGE STATION ISD | http://ow.csisd.org,BRAZOS COUNTY,,http://ow.csisd.org,http://ow.csisd.org/about-us/faculty-staff,crawl,found
,COLLEGE STATION ISD | http://pc.csisd.org,BRAZOS COUNTY,,http://pc.csisd.org,http://pc.csisd.org/about-us/staff-directory,path,found
,COLLEGE STATION ISD | http://rp.csisd.org,BRAZOS COUNTY,,http://rp.csisd.org,http://rp.csisd.org/directory,path,found
,COLLEGE STATION ISD | http://sk.csisd.org,BRAZOS COUNTY,,http://sk.csisd.org,http://sk.csisd.org/directory,path,found
,COLLEGE STATION ISD | http://swv.csisd.org,BRAZOS COUNTY,,http://swv.csisd.org,http://swv.csisd.org/about-us/staff-faculty,crawl,found
,COLLEGE STATION ISD | http://www.csisd.org,BRAZOS COUNTY,,http://www.csisd.org,http://www.csisd.org/our-district/contact-csisd/who-to-call/administrative-staff-directory,crawl,found
,COLLINSVILLE ISD | http://www.collinsvilleisd.org,GRAYSON COUNTY,,http://www.collinsvilleisd.org,,none,not_found
,COLORADO ISD | http://ccity.esc14.net,MITCHELL COUNTY,,http://ccity.esc14.net,http://ccity.esc14.net/staff,path,found
,COLORADO ISD | http://www.ccity.esc14.net,MITCHELL COUNTY,,http://www.ccity.esc14.net,http://www.ccity.esc14.net/staff,path,found
,COLUMBIA-BRAZORIA ISD | http://www.cbisd.com,BRAZORIA COUNTY,,http://www.cbisd.com,http://www.cbisd.com/staff,path,found
,COLUMBUS ISD | http://www.columbusisd.org,COLORADO COUNTY,,http://www.columbusisd.org,https://www.columbusisd.org/apps/staff/,crawl,found
,COLUMBUS ISD | http://www.columbusisd.org/Elementary/index.html,COLORADO COUNTY,,http://www.columbusisd.org/Elementary/index.html,,none,not_found
,COLUMBUS ISD | http://www.columbusisd.org/HighSchool/index.html,COLORADO COUNTY,,http://www.columbusisd.org/HighSchool/index.html,,none,not_found
,COLUMBUS ISD | http://www.columbusisd.org/JuniorHigh/index.html,COLORADO COUNTY,,http://www.columbusisd.org/JuniorHigh/index.html,,none,not_found
,COMAL ISD | http://www.comalisd.org,COMAL COUNTY,,http://www.comalisd.org,http://www.comalisd.org/apps/pages/index.jsp?uREC_ID=4452673&type=d&pREC_ID=2708327,crawl,found
,COMANCHE ISD | http://www.comancheisd.net,COMANCHE COUNTY,,http://www.comancheisd.net,http://www.comancheisd.net/page/Staff,crawl,found
,COMFORT ISD | http://www.comfort.txed.net,KENDALL COUNTY,,http://www.comfort.txed.net,,none,not_found
,COMMERCE ISD | http://schools.commerceisd.org/default.aspx?name=01.homepage,HUNT COUNTY,,http://schools.commerceisd.org/default.aspx?name=01.homepage,,none,not_found
,COMMERCE ISD | http://schools.commerceisd.org/default.aspx?name=02.homepage,HUNT COUNTY,,http://schools.commerceisd.org/default.aspx?name=02.homepage,,none,not_found
,COMMERCE ISD | http://schools.commerceisd.org/default.aspx?name=03.homepage,HUNT COUNTY,,http://schools.commerceisd.org/default.aspx?name=03.homepage,,none,not_found
,COMMERCE ISD | http://schools.commerceisd.org/default.aspx?name=04.homepage,HUNT COUNTY,,http://schools.commerceisd.org/default.aspx?name=04.homepage,,none,not_found
,COMMERCE ISD | http://www.commerceisd.org,HUNT COUNTY,,http://www.commerceisd.org,http://www.commerceisd.org/about-us/staff-directory,crawl,found
,COMMUNITY ISD | http://communityisd.org,COLLIN COUNTY,,http://communityisd.org,http://communityisd.org/departments/human-resources/staff-directory,path,found
,COMMUNITY ISD | http://www.communityisd.org,COLLIN COUNTY,,http://www.communityisd.org,http://www.communityisd.org/departments/human-resources/staff-directory,path,found
,COMO-PICKTON CISD | http://www.cpcisd.net,HOPKINS COUNTY,,http://www.cpcisd.net,http://www.cpcisd.net/staff,path,found
,COMQUEST ACADEMY | http://www.comquestacademy.org,HARRIS COUNTY,,http://www.comquestacademy.org,,none,not_found
,COMSTOCK ISD | http://www.comstockisd.net,VAL VERDE COUNTY,,http://www.comstockisd.net,,none,not_found
,CONNALLY ISD | http://connally.org,MCLENNAN COUNTY,,http://connally.org,,none,not_found
,CONNALLY ISD | http://www.connally.org,MCLENNAN COUNTY,,http://www.connally.org,,none,not_found
,CONROE ISD | http://WWW.Conroeisd.net,MONTGOMERY COUNTY,,http://WWW.Conroeisd.net,http://WWW.Conroeisd.net/staff,path,found
,CONROE ISD | http://irons.conroeisd.net,MONTGOMERY COUNTY,,http://irons.conroeisd.net,http://irons.conroeisd.net/staff,path,found
,COOPER ISD | http://www.cooperisd.net,DELTA COUNTY,,http://www.cooperisd.net,http://www.cooperisd.net/staff,path,found
,COPPELL ISD | http://www.coppellisd.com,DALLAS COUNTY,,http://www.coppellisd.com,http://www.coppellisd.com/staff,path,found
,COPPERAS COVE ISD | http://www.ccisd.com/Domain/1002,CORYELL COUNTY,,http://www.ccisd.com/Domain/1002,,none,not_found
,COPPERAS COVE ISD | http://www.ccisd.com/Domain/240,CORYELL COUNTY,,http://www.ccisd.com/Domain/240,,none,not_found
,COPPERAS COVE ISD | http://www.ccisd.com/Domain/372,CORYELL COUNTY,,http://www.ccisd.com/Domain/372,,none,not_found
,COPPERAS COVE ISD | http://www.ccisd.com/Domain/484,CORYELL COUNTY,,http://www.ccisd.com/Domain/484,,none,not_found
,COPPERAS COVE ISD | http://www.ccisd.com/Domain/583,CORYELL COUNTY,,http://www.ccisd.com/Domain/583,,none,not_found
,COPPERAS COVE ISD | http://www.ccisd.com/Domain/658,CORYELL COUNTY,,http://www.ccisd.com/Domain/658,,none,not_found
,COPPERAS COVE ISD | http://www.ccisd.com/Domain/728,CORYELL COUNTY,,http://www.ccisd.com/Domain/728,,none,not_found
,COPPERAS COVE ISD | http://www.ccisd.com/Domain/796,CORYELL COUNTY,,http://www.ccisd.com/Domain/796,,none,not_found
,COPPERAS COVE ISD | http://www.ccisd.com/Domain/867,CORYELL COUNTY,,http://www.ccisd.com/Domain/867,,none,not_found
,COPPERAS COVE ISD | http://www.ccisd.com/Domain/97,CORYELL COUNTY,,http://www.ccisd.com/Domain/97,,none,not_found
,COPPERAS COVE ISD | http://www.ccisd.com/domain/974,CORYELL COUNTY,,http://www.ccisd.com/domain/974,,none,not_found
,CORPUS CHRISTI ISD | http://branch.ccisd.us,NUECES COUNTY,,http://branch.ccisd.us,http://branch.ccisd.us/staff,path,found
,CORPUS CHRISTI ISD | http://www.ccisd.us,NUECES COUNTY,,http://www.ccisd.us,http://www.ccisd.us/staff,path,found
,CORRIGAN-CAMDEN ISD | http://www.ccisdtx.com,POLK COUNTY,,http://www.ccisdtx.com,,none,not_found
,CORSICANA ISD | http://cisd.org,NAVARRO COUNTY,,http://cisd.org,https://www.cisd.org/page/campus-and-department-directory,crawl,found
,CORSICANA ISD | http://www.cisd.org,NAVARRO COUNTY,,http://www.cisd.org,https://www.cisd.org/page/campus-and-department-directory,crawl,found
,COTTON CENTER ISD | http://www.cottoncenterisd.org,HALE COUNTY,,http://www.cottoncenterisd.org,,none,not_found
,COTULLA ISD | http://www.cotullaisd.org/chs,LA SALLE COUNTY,,http://www.cotullaisd.org/chs,,none,not_found
,COTULLA ISD | http://www.cotullaisd.org/ees,LA SALLE COUNTY,,http://www.cotullaisd.org/ees,,none,not_found
,COTULLA ISD | http://www.cotullaisd.org/nms,LA SALLE COUNTY,,http://www.cotullaisd.org/nms,,none,not_found
,COTULLA ISD | http://www.cotullaisd.org/rbe,LA SALLE COUNTY,,http://www.cotullaisd.org/rbe,,none,not_found
,COVINGTON ISD | http://www.covingtonisd.org,HILL COUNTY,,http://www.covingtonisd.org,,none,not_found
,CRANDALL ISD | http://www.crandall-isd.net,KAUFMAN COUNTY,,http://www.crandall-isd.net,,none,not_found
,CRANE ISD | http://craneisd.com,CRANE COUNTY,,http://craneisd.com,http://craneisd.com/staff,path,found
,CRANE ISD | http://www.craneisd.com,CRANE COUNTY,,http://www.craneisd.com,http://www.craneisd.com/staff,path,found
,CRANFILLS GAP ISD | http://www.cranfillsgapisd.net,BOSQUE COUNTY,,http://www.cranfillsgapisd.net,,none,not_found
,CROCKETT COUNTY CONSOLIDATED CSD | http://www.ozonaschools.net,CROCKETT COUNTY,,http://www.ozonaschools.net,http://www.ozonaschools.net/staff,path,found
,CROCKETT ISD | http://www.crockettisd.net,HOUSTON COUNTY,,http://www.crockettisd.net,http://www.crockettisd.net/staff,path,found
,CROSBY ISD | http://www.crosbyisd.org,HARRIS COUNTY,,http://www.crosbyisd.org,http://www.crosbyisd.org/district/directory-of-schools,crawl,found
,CROSBYTON CISD | http://www.crosbyton.k12.tx.us,CROSBY COUNTY,,http://www.crosbyton.k12.tx.us,http://www.crosbyton.k12.tx.us/staff,path,found
,CROSS ROADS ISD | http://www.crossroadsisd.org,HENDERSON COUNTY,,http://www.crossroadsisd.org,,none,not_found
,CROWELL ISD | http://www.crowellisd.net,FOARD COUNTY,,http://www.crowellisd.net,,none,not_found
,CROWLEY ISD | http://www.crowleyisdtx.org,TARRANT COUNTY,,http://www.crowleyisdtx.org,http://www.crowleyisdtx.org/our-district/social-media-and-newsletter-directory-clone,crawl,found
,CRYSTAL CITY ISD | http://crystalcityisd.org,ZAVALA COUNTY,,http://crystalcityisd.org,,none,not_found
,CUERO ISD | http://cueroisd.org,DEWITT COUNTY,,http://cueroisd.org,http://cueroisd.org/faculty-staff-directory,crawl,found
,CUERO ISD | http://www.cueroisd.org,DEWITT COUNTY,,http://www.cueroisd.org,http://www.cueroisd.org/faculty-staff-directory,crawl,found
,CULBERSON COUNTY-ALLAMOORE ISD | http://www.ccaisd.net,CULBERSON COUNTY,,http://www.ccaisd.net,,none,not_found
,CUMBERLAND ACADEMY | http://ms.cumberlandacademy.com,SMITH COUNTY,,http://ms.cumberlandacademy.com,http://ms.cumberlandacademy.com/staff,path,found
,CUMBY ISD | http://www.cumbyisd.net,HOPKINS COUNTY,,http://www.cumbyisd.net,http://www.cumbyisd.net/staff,path,found
,CUSHING ISD | http://www.cushingisd.org,NACOGDOCHES COUNTY,,http://www.cushingisd.org,,none,not_found
,CYPRESS-FAIRBANKS ISD | http://www.cfisd.net,HARRIS COUNTY,,http://www.cfisd.net,http://www.cfisd.net/directory,path,found
,D'HANIS ISD | http://www.dhanisisd.net,MEDINA COUNTY,,http://www.dhanisisd.net,http://www.dhanisisd.net/district-information/staff-directory,crawl,found
,DAINGERFIELD-LONE STAR ISD | http://dlsisd.org,MORRIS COUNTY,,http://dlsisd.org,http://dlsisd.org/staff,path,found
,DALLAS ISD | http://Www.dallasisd.org/tjefferson,DALLAS COUNTY,,http://Www.dallasisd.org/tjefferson,http://Www.dallasisd.org/team-dallas-isd/staff-directory,crawl,found
,DALLAS ISD | http://dallasisd.org/bryan,DALLAS COUNTY,,http://dallasisd.org/bryan,,none,not_found
,DALLAS ISD | http://www.dallasisd.org,DALLAS COUNTY,,http://www.dallasisd.org,https://staff.dallasisd.org/team-directory,crawl,found
,DALLAS ISD | http://www.dallasisd.org/Page/1542,DALLAS COUNTY,,http://www.dallasisd.org/Page/1542,,none,not_found
,DALLAS ISD | http://www.dallasisd.org/Page/1948,DALLAS COUNTY,,http://www.dallasisd.org/Page/1948,,none,not_found
,DALLAS ISD | http://www.dallasisd.org/Page/2268,DALLAS COUNTY,,http://www.dallasisd.org/Page/2268,,none,not_found
,DALLAS ISD | http://www.dallasisd.org/Page/23035,DALLAS COUNTY,,http://www.dallasisd.org/Page/23035,,none,not_found
,DALLAS ISD | http://www.dallasisd.org/Page/2428,DALLAS COUNTY,,http://www.dallasisd.org/Page/2428,,none,not_found
,DALLAS ISD | http://www.dallasisd.org/Page/2464,DALLAS COUNTY,,http://www.dallasisd.org/Page/2464,,none,not_found
,DALLAS ISD | http://www.dallasisd.org/Page/2466,DALLAS COUNTY,,http://www.dallasisd.org/Page/2466,,none,not_found
,DALLAS ISD | http://www.dallasisd.org/Page/2480,DALLAS COUNTY,,http://www.dallasisd.org/Page/2480,,none,not_found
,DALLAS ISD | http://www.dallasisd.org/Page/2616,DALLAS COUNTY,,http://www.dallasisd.org/Page/2616,,none,not_found
,DALLAS ISD | http://www.dallasisd.org/adamson,DALLAS COUNTY,,http://www.dallasisd.org/adamson,http://www.dallasisd.org/faculty-team/staff,crawl,found
,DALLAS ISD | http://www.dallasisd.org/alexander,DALLAS COUNTY,,http://www.dallasisd.org/alexander,http://www.dallasisd.org/faculty-team/office-staff,crawl,found
,DALLAS ISD | http://www.dallasisd.org/allen,DALLAS COUNTY,,http://www.dallasisd.org/allen,http://www.dallasisd.org/faculty-team/office-staff/administrative-support-staff,crawl,found
,DALLAS ISD | http://www.dallasisd.org/annrichards,DALLAS COUNTY,,http://www.dallasisd.org/annrichards,https://staff.dallasisd.org,crawl,found
,DALLAS ISD | http://www.dallasisd.org/arcadiapark,DALLAS COUNTY,,http://www.dallasisd.org/arcadiapark,,none,not_found
,DALLAS ISD | http://www.dallasisd.org/atwellacademy,DALLAS COUNTY,,http://www.dallasisd.org/atwellacademy,,none,not_found
,DALLAS ISD | http://www.dallasisd.org/balchsprings,DALLAS COUNTY,,http://www.dallasisd.org/balchsprings,http://www.dallasisd.org/faculty-team,crawl,found
,DALLAS ISD | http://www.dallasisd.org/bayles,DALLAS COUNTY,,http://www.dallasisd.org/bayles,http://www.dallasisd.org/team-dallas-isd/professional-staff,crawl,found
,DALLAS ISD | http://www.dallasisd.org/bethune,DALLAS COUNTY,,http://www.dallasisd.org/bethune,http://www.dallasisd.org/team-dallas-isd/bethune-staff,crawl,found
,DALLAS ISD | http://www.dallasisd.org/blair,DALLAS COUNTY,,http://www.dallasisd.org/blair,http://www.dallasisd.org/faculty-team/office-staff,crawl,found
,DALLAS ISD | http://www.dallasisd.org/blanton,DALLAS COUNTY,,http://www.dallasisd.org/blanton,,none,not_found
,DALLAS ISD | http://www.dallasisd.org/botello,DALLAS COUNTY,,http://www.dallasisd.org/botello,http://www.dallasisd.org/facultyteam/team-directory,crawl,found
,DALLAS ISD | http://www.dallasisd.org/bowie,DALLAS COUNTY,,http://www.dallasisd.org/bowie,http://www.dallasisd.org/faculty-team/office-staff,crawl,found
,DALLAS ISD | http://www.dallasisd.org/brashear,DALLAS COUNTY,,http://www.dallasisd.org/brashear,http://www.dallasisd.org/team-dallas-isd/office-staff,crawl,found
,DALLAS ISD | http://www.dallasisd.org/browne,DALLAS COUNTY,,http://www.dallasisd.org/browne,http://www.dallasisd.org/faculty-team/office-staff,crawl,found
,DALLAS ISD | http://www.dallasisd.org/budd,DALLAS COUNTY,,http://www.dallasisd.org/budd,http://www.dallasisd.org/faculty-team/office-staff/office-manager,crawl,found
,DALLAS ISD | http://www.dallasisd.org/burnet,DALLAS COUNTY,,http://www.dallasisd.org/burnet,http://www.dallasisd.org/faculty-team,crawl,found
,DALLAS ISD | http://www.dallasisd.org/bushman,DALLAS COUNTY,,http://www.dallasisd.org/bushman,,none,not_found
,DALLAS ISD | http://www.dallasisd.org/cabell,DALLAS COUNTY,,http://www.dallasisd.org/cabell,,none,not_found
,DALLAS ISD | http://www.dallasisd.org/caillet,DALLAS COUNTY,,http://www.dallasisd.org/caillet,,none,not_found
,DALLAS ISD | http://www.dallasisd.org/callejo,DALLAS COUNTY,,http://www.dallasisd.org/callejo,,none,not_found
,DALLAS ISD | http://www.dallasisd.org/carpenter,DALLAS COUNTY,,http://www.dallasisd.org/carpenter,http://www.dallasisd.org/faculty-team/office-staff,crawl,found
,DALLAS ISD | http://www.dallasisd.org/carr,DALLAS COUNTY,,http://www.dallasisd.org/carr,https://albertblack.dallasisd.org/team-dallas-isd/teacher-directory,crawl,found
,DALLAS ISD | http://www.dallasisd.org/carter,DALLAS COUNTY,,http://www.dallasisd.org/carter,http://www.dallasisd.org/faculty-team/support-staff,crawl,found
,DALLAS ISD | http://www.dallasisd.org/carver,DALLAS COUNTY,,http://www.dallasisd.org/carver,,none,not_found
,DALLAS ISD | http://www.dallasisd.org/cary,DALLAS COUNTY,,http://www.dallasisd.org/cary,,none,not_found
,DALLAS ISD | http://www.dallasisd.org/casaview,DALLAS COUNTY,,http://www.dallasisd.org/casaview,,none,not_found
,DALLAS ISD | http://www.dallasisd.org/central,DALLAS COUNTY,,http://www.dallasisd.org/central,,none,not_found
,DALLAS ISD | http://www.dallasisd.org/chavez,DALLAS COUNTY,,http://www.dallasisd.org/chavez,https://albertblack.dallasisd.org/team-dallas-isd/teacher-directory,crawl,found
,DALLAS ISD | http://www.dallasisd.org/cigarroa,DALLAS COUNTY,,http://www.dallasisd.org/cigarroa,http://www.dallasisd.org/faculty-team/officesupport-staff,crawl,found
,DALLAS ISD | http://www.dallasisd.org/cochran,DALLAS COUNTY,,http://www.dallasisd.org/cochran,http://www.dallasisd.org/faculty-team/faculty-and-staff,crawl,found
,DALLAS ISD | http://www.dallasisd.org/comstock,DALLAS COUNTY,,http://www.dallasisd.org/comstock,http://www.dallasisd.org/faculty-team,crawl,found
,DALLAS ISD | http://www.dallasisd.org/conner,DALLAS COUNTY,,http://www.dallasisd.org/conner,http://www.dallasisd.org/departments/office-staff,crawl,found
,DALLAS ISD | http://www.dallasisd.org/conrad,DALLAS COUNTY,,http://www.dallasisd.org/conrad,http://www.dallasisd.org/faculty-team/facultystaff,crawl,found
,DALLAS ISD | http://www.dallasisd.org/cowart,DALLAS COUNTY,,http://www.dallasisd.org/cowart,http://www.dallasisd.org/team-dallas-isd/office-staff,crawl,found
,DALLAS ISD | http://www.dallasisd.org/cuellar,DALLAS COUNTY,,http://www.dallasisd.org/cuellar,http://www.dallasisd.org/team-directory,crawl,found
,DALLAS ISD | http://www.dallasisd.org/dade,DALLAS COUNTY,,http://www.dallasisd.org/dade,http://www.dallasisd.org/faculty-team/staff-directory,crawl,found
,DALLAS ISD | http://www.dallasisd.org/degolyer,DALLAS COUNTY,,http://www.dallasisd.org/degolyer,http://www.dallasisd.org/faculty-team/office-staff,crawl,found
,DALLAS ISD | http://www.dallasisd.org/desa,DALLAS COUNTY,,http://www.dallasisd.org/desa,http://www.dallasisd.org/faculty/staff-directory,crawl,found
,DALLAS ISD | http://www.dallasisd.org/dezavala,DALLAS COUNTY,,http://www.dallasisd.org/dezavala,http://www.dallasisd.org/faculty-team/office-staff,crawl,found
,DALLAS ISD | http://www.dallasisd.org/domain/1962,DALLAS COUNTY,,http://www.dallasisd.org/domain/1962,,none,not_found
,DALLAS ISD | http://www.dallasisd.org/domain/1970,DALLAS COUNTY,,http://www.dallasisd.org/domain/1970,,none,not_found
,DALLAS ISD | http://www.dallasisd.org/domain/2125,DALLAS COUNTY,,http://www.dallasisd.org/domain/2125,,none,not_found
,DALLAS ISD | http://www.dallasisd.org/donald,DALLAS COUNTY,,http://www.dallasisd.org/donald,http://www.dallasisd.org/team-directory,crawl,found
,DALLAS ISD | http://www.dallasisd.org/douglass,DALLAS COUNTY,,http://www.dallasisd.org/douglass,,none,not_found
,DALLAS ISD | http://www.dallasisd.org/dunbar,DALLAS COUNTY,,http://www.dallasisd.org/dunbar,http://www.dallasisd.org/faculty-team/faculty-directory,crawl,found
,DALLAS ISD | http://www.dallasisd.org/earhart,DALLAS COUNTY,,http://www.dallasisd.org/earhart,,none,not_found
,DALLAS ISD | http://www.dallasisd.org/ebbyhalliday,DALLAS COUNTY,,http://www.dallasisd.org/ebbyhalliday,http://www.dallasisd.org/faculty-team/teacher-and-staff-directory,crawl,found
,DALLAS ISD | http://www.dallasisd.org/edison,DALLAS COUNTY,,http://www.dallasisd.org/edison,,none,not_found
,DALLAS ISD | http://www.dallasisd.org/ervin,DALLAS COUNTY,,http://www.dallasisd.org/ervin,http://www.dallasisd.org/faculty-team,crawl,found
,DALLAS ISD | http://www.dallasisd.org/essm,DALLAS COUNTY,,http://www.dallasisd.org/essm,http://www.dallasisd.org/team-dallas-isd/school-directory,crawl,found
,DALLAS ISD | http://www.dallasisd.org/field,DALLAS COUNTY,,http://www.dallasisd.org/field,,none,not_found
,DALLAS ISD | http://www.dallasisd.org/florence,DALLAS COUNTY,,http://www.dallasisd.org/florence,https://staff.dallasisd.org,crawl,found
,DALLAS ISD | http://www.dallasisd.org/foster,DALLAS COUNTY,,http://www.dallasisd.org/foster,http://www.dallasisd.org/faculty-team,crawl,found
,DALLAS ISD | http://www.dallasisd.org/frank,DALLAS COUNTY,,http://www.dallasisd.org/frank,http://www.dallasisd.org/faculty-team/teacher-directory/pre-kindergarten-teachers,crawl,found
,DALLAS ISD | http://www.dallasisd.org/franklin,DALLAS COUNTY,,http://www.dallasisd.org/franklin,http://www.dallasisd.org/team-dallas-isd/staff-directory,crawl,found
,DALLAS ISD | http://www.dallasisd.org/garcia,DALLAS COUNTY,,http://www.dallasisd.org/garcia,http://www.dallasisd.org/team-dallas-isd/staff-directory,crawl,found
,DALLAS ISD | http://www.dallasisd.org/garza,DALLAS COUNTY,,http://www.dallasisd.org/garza,http://www.dallasisd.org/faculty-team/staff-directory,crawl,found
,DALLAS ISD | http://www.dallasisd.org/gaston,DALLAS COUNTY,,http://www.dallasisd.org/gaston,http://www.dallasisd.org/faculty-team/directory,crawl,found
,DALLAS ISD | http://www.dallasisd.org/georgehwbush,DALLAS COUNTY,,http://www.dallasisd.org/georgehwbush,http://www.dallasisd.org/team-dallas-isd/office-staff,crawl,found
,DALLAS ISD | http://www.dallasisd.org/gill,DALLAS COUNTY,,http://www.dallasisd.org/gill,http://www.dallasisd.org/team-directory,crawl,found
,DALLAS ISD | http://www.dallasisd.org/gonzalez,DALLAS COUNTY,,http://www.dallasisd.org/gonzalez,http://www.dallasisd.org/faculty-team/office-staff/office-staff,crawl,found
,DALLAS ISD | http://www.dallasisd.org/gooch,DALLAS COUNTY,,http://www.dallasisd.org/gooch,http://www.dallasisd.org/faculty-team,crawl,found
,DALLAS ISD | http://www.dallasisd.org/greineracademy,DALLAS COUNTY,,http://www.dallasisd.org/greineracademy,http://www.dallasisd.org/faculty-team/faculty-and-staff,crawl,found
,DALLAS ISD | http://www.dallasisd.org/guzick,DALLAS COUNTY,,http://www.dallasisd.org/guzick,http://www.dallasisd.org/faculty-team/staff-and-faculty/overview,crawl,found
,DALLAS ISD | http://www.dallasisd.org/hall,DALLAS COUNTY,,http://www.dallasisd.org/hall,http://www.dallasisd.org/faculty-team/office-staff,crawl,found
,DALLAS ISD | http://www.dallasisd.org/hawthorne,DALLAS COUNTY,,http://www.dallasisd.org/hawthorne,http://www.dallasisd.org/faculty-team/staff-directory,crawl,found
,DALLAS ISD | http://www.dallasisd.org/healthmagnet,DALLAS COUNTY,,http://www.dallasisd.org/healthmagnet,http://www.dallasisd.org/team-dallas-isd/teacher-directory,crawl,found
,DALLAS ISD | http://www.dallasisd.org/henderson,DALLAS COUNTY,,http://www.dallasisd.org/henderson,http://www.dallasisd.org/faculty-team/office-staff,crawl,found
,DALLAS ISD | http://www.dallasisd.org/hernandez,DALLAS COUNTY,,http://www.dallasisd.org/hernandez,,none,not_found
,DALLAS ISD | http://www.dallasisd.org/hexter,DALLAS COUNTY,,http://www.dallasisd.org/hexter,http://www.dallasisd.org/faculty-team/office-and-support-staff/office-staff,crawl,found
,DALLAS ISD | http://www.dallasisd.org/hill,DALLAS COUNTY,,http://www.dallasisd.org/hill,http://www.dallasisd.org/faculty-team/facultystaff,crawl,found
,DALLAS ISD | http://www.dallasisd.org/hillcrest,DALLAS COUNTY,,http://www.dallasisd.org/hillcrest,http://www.dallasisd.org/faculty-team,crawl,found
,DALLAS ISD | http://www.dallasisd.org/hmeadows,DALLAS COUNTY,,http://www.dallasisd.org/hmeadows,http://www.dallasisd.org/contact-us/staff-directory,crawl,found
,DALLAS ISD | http://www.dallasisd.org/hogg,DALLAS COUNTY,,http://www.dallasisd.org/hogg,http://www.dallasisd.org/faculty-team/staff-roster,crawl,found
,DALLAS ISD | http://www.dallasisd.org/holland,DALLAS COUNTY,,http://www.dallasisd.org/holland,http://www.dallasisd.org/faculty-team/teacherstaff-directory,crawl,found
,DALLAS ISD | http://www.dallasisd.org/hood,DALLAS COUNTY,,http://www.dallasisd.org/hood,,none,not_found
,DALLAS ISD | http://www.dallasisd.org/hooe,DALLAS COUNTY,,http://www.dallasisd.org/hooe,https://albertblack.dallasisd.org/team-dallas-isd/teacher-directory,crawl,found
,DALLAS ISD | http://www.dallasisd.org/hopemedrano,DALLAS COUNTY,,http://www.dallasisd.org/hopemedrano,,none,not_found
,DALLAS ISD | http://www.dallasisd.org/hotchkiss,DALLAS COUNTY,,http://www.dallasisd.org/hotchkiss,http://www.dallasisd.org/faculty-team/staff-directory,crawl,found
,DALLAS ISD | http://www.dallasisd.org/houston,DALLAS COUNTY,,http://www.dallasisd.org/houston,,none,not_found
,DALLAS ISD | http://www.dallasisd.org/ireland,DALLAS COUNTY,,http://www.dallasisd.org/ireland,,none,not_found
,DALLAS ISD | http://www.dallasisd.org/johnston,DALLAS COUNTY,,http://www.dallasisd.org/johnston,,none,not_found
,DALLAS ISD | http://www.dallasisd.org/jones,DALLAS COUNTY,,http://www.dallasisd.org/jones,,none,not_found
,DALLAS ISD | http://www.dallasisd.org/jordan,DALLAS COUNTY,,http://www.dallasisd.org/jordan,,none,not_found
,DALLAS ISD | http://www.dallasisd.org/jqadams,DALLAS COUNTY,,http://www.dallasisd.org/jqadams,http://www.dallasisd.org/faculty-team/facultyteam-directory,crawl,found
,DALLAS ISD | http://www.dallasisd.org/junkins,DALLAS COUNTY,,http://www.dallasisd.org/junkins,http://www.dallasisd.org/team-dallas-isd/office-staff,crawl,found
,DALLAS ISD | http://www.dallasisd.org/jwray,DALLAS COUNTY,,http://www.dallasisd.org/jwray,,none,not_found
,DALLAS ISD | http://www.dallasisd.org/kahn,DALLAS COUNTY,,http://www.dallasisd.org/kahn,http://www.dallasisd.org/faculty-team/teacher-directory,crawl,found
,DALLAS ISD | http://www.dallasisd.org/kennedy,DALLAS COUNTY,,http://www.dallasisd.org/kennedy,,none,not_found
,DALLAS ISD | http://www.dallasisd.org/kiest,DALLAS COUNTY,,http://www.dallasisd.org/kiest,http://www.dallasisd.org/faculty-team/leadership-team,crawl,found
,DALLAS ISD | http://www.dallasisd.org/kimball,DALLAS COUNTY,,http://www.dallasisd.org/kimball,http://www.dallasisd.org/faculty-team/office-staff,crawl,found
,DALLAS ISD | http://www.dallasisd.org/kleberg,DALLAS COUNTY,,http://www.dallasisd.org/kleberg,http://www.dallasisd.org/faculty-team/staff-directory/meet-our-principal,crawl,found
,DALLAS ISD | http://www.dallasisd.org/knight,DALLAS COUNTY,,http://www.dallasisd.org/knight,http://www.dallasisd.org/faculty-team,crawl,found
,DALLAS ISD | http://www.dallasisd.org/kramer,DALLAS COUNTY,,http://www.dallasisd.org/kramer,,none,not_found
,DALLAS ISD | http://www.dallasisd.org/lagow,DALLAS COUNTY,,http://www.dallasisd.org/lagow,http://www.dallasisd.org/team-dallas-isd/teacher-directory,crawl,found
,DALLAS ISD | http://www.dallasisd.org/lakewood,DALLAS COUNTY,,http://www.dallasisd.org/lakewood,http://www.dallasisd.org/faculty-team/meet-our-principal,crawl,found
,DALLAS ISD | http://www.dallasisd.org/lang,DALLAS COUNTY,,http://www.dallasisd.org/lang,http://www.dallasisd.org/faculty-team/staff-directory,crawl,found
,DALLAS ISD | http://www.dallasisd.org/lanier,DALLAS COUNTY,,http://www.dallasisd.org/lanier,,none,not_found
,DALLAS ISD | http://www.dallasisd.org/lassiter,DALLAS COUNTY,,http://www.dallasisd.org/lassiter,http://www.dallasisd.org/faculty-team,crawl,found
,DALLAS ISD | http://www.dallasisd.org/lawmagnet,DALLAS COUNTY,,http://www.dallasisd.org/lawmagnet,http://www.dallasisd.org/faculty-team/office-staff,crawl,found
,DALLAS ISD | http://www.dallasisd.org/lgsmith,DALLAS COUNTY,,http://www.dallasisd.org/lgsmith,http://www.dallasisd.org/team-directory,crawl,found
,DALLAS ISD | http://www.dallasisd.org/lipscomb,DALLAS COUNTY,,http://www.dallasisd.org/lipscomb,https://albertblack.dallasisd.org/team-dallas-isd/teacher-directory,crawl,found
,DALLAS ISD | http://www.dallasisd.org/long,DALLAS COUNTY,,http://www.dallasisd.org/long,http://www.dallasisd.org/team-dallas-isd/teacher-directory,crawl,found
,DALLAS ISD | http://www.dallasisd.org/longfellow,DALLAS COUNTY,,http://www.dallasisd.org/longfellow,http://www.dallasisd.org/faculty-team/office-support-and-counselor-staff,crawl,found
,DALLAS ISD | http://www.dallasisd.org/lowe,DALLAS COUNTY,,http://www.dallasisd.org/lowe,http://www.dallasisd.org/team-directory,crawl,found
,DALLAS ISD | http://www.dallasisd.org/macon,DALLAS COUNTY,,http://www.dallasisd.org/macon,http://www.dallasisd.org/team-directory,crawl,found
,DALLAS ISD | http://www.dallasisd.org/madison,DALLAS COUNTY,,http://www.dallasisd.org/madison,http://www.dallasisd.org/faculty-team/support-staff,crawl,found
,DALLAS ISD | http://www.dallasisd.org/maplelawn,DALLAS COUNTY,,http://www.dallasisd.org/maplelawn,http://www.dallasisd.org/faculty-team/office-and-administrative-staff,crawl,found
,DALLAS ISD | http://www.dallasisd.org/marcus,DALLAS COUNTY,,http://www.dallasisd.org/marcus,https://staff.dallasisd.org,crawl,found
,DALLAS ISD | http://www.dallasisd.org/marsalis,DALLAS COUNTY,,http://www.dallasisd.org/marsalis,https://staff.dallasisd.org,crawl,found
,DALLAS ISD | http://www.dallasisd.org/marsh,DALLAS COUNTY,,http://www.dallasisd.org/marsh,http://www.dallasisd.org/faculty-team/staff,crawl,found
,DALLAS ISD | http://www.dallasisd.org/martinez,DALLAS COUNTY,,http://www.dallasisd.org/martinez,,none,not_found
,DALLAS ISD | http://www.dallasisd.org/mata,DALLAS COUNTY,,http://www.dallasisd.org/mata,,none,not_found
,DALLAS ISD | http://www.dallasisd.org/mcnair,DALLAS COUNTY,,http://www.dallasisd.org/mcnair,http://www.dallasisd.org/team-dallas-isd/faculty-directory,crawl,found
,DALLAS ISD | http://www.dallasisd.org/mcshan,DALLAS COUNTY,,http://www.dallasisd.org/mcshan,http://www.dallasisd.org/faculty-team/faculty-and-staff-directory,crawl,found
,DALLAS ISD | http://www.dallasisd.org/milam,DALLAS COUNTY,,http://www.dallasisd.org/milam,https://albertblack.dallasisd.org/team-dallas-isd/teacher-directory,crawl,found
,DALLAS ISD | http://www.dallasisd.org/miller,DALLAS COUNTY,,http://www.dallasisd.org/miller,http://www.dallasisd.org/faculty-team/staff-directory,crawl,found
,DALLAS ISD | http://www.dallasisd.org/mills,DALLAS COUNTY,,http://www.dallasisd.org/mills,,none,not_found
,DALLAS ISD | http://www.dallasisd.org/mlk,DALLAS COUNTY,,http://www.dallasisd.org/mlk,,none,not_found
,DALLAS ISD | http://www.dallasisd.org/molina,DALLAS COUNTY,,http://www.dallasisd.org/molina,http://www.dallasisd.org/faculty-team/staff-directory,crawl,found
,DALLAS ISD | http://www.dallasisd.org/moseley,DALLAS COUNTY,,http://www.dallasisd.org/moseley,http://www.dallasisd.org/faculty-team/office-staff,crawl,found
,DALLAS ISD | http://www.dallasisd.org/mountauburn,DALLAS COUNTY,,http://www.dallasisd.org/mountauburn,http://www.dallasisd.org/faculty-team/staff-directory,crawl,found
,DALLAS ISD | http://www.dallasisd.org/nathanadams,DALLAS COUNTY,,http://www.dallasisd.org/nathanadams,http://www.dallasisd.org/faculty-team/facultyteam-directory,crawl,found
,DALLAS ISD | http://www.dallasisd.org/newtech,DALLAS COUNTY,,http://www.dallasisd.org/newtech,http://www.dallasisd.org/faculty-team/campus-support-staff,crawl,found
,DALLAS ISD | http://www.dallasisd.org/northdallas,DALLAS COUNTY,,http://www.dallasisd.org/northdallas,http://www.dallasisd.org/faculty-team/faculty-directory,crawl,found
,DALLAS ISD | http://www.dallasisd.org/obama,DALLAS COUNTY,,http://www.dallasisd.org/obama,http://www.dallasisd.org/faculty-directory,crawl,found
,DALLAS ISD | http://www.dallasisd.org/oliver,DALLAS COUNTY,,http://www.dallasisd.org/oliver,http://www.dallasisd.org/faculty-team,crawl,found
,DALLAS ISD | http://www.dallasisd.org/oranroberts,DALLAS COUNTY,,http://www.dallasisd.org/oranroberts,http://www.dallasisd.org/faculty-team/office-staff,crawl,found
,DALLAS ISD | http://www.dallasisd.org/owholmes,DALLAS COUNTY,,http://www.dallasisd.org/owholmes,http://www.dallasisd.org/team-dallas-isd/staff-directory,crawl,found
,DALLAS ISD | http://www.dallasisd.org/panchomedrano,DALLAS COUNTY,,http://www.dallasisd.org/panchomedrano,http://www.dallasisd.org/faculty-team/faculty-and-staff-directory,crawl,found
,DALLAS ISD | http://www.dallasisd.org/patton,DALLAS COUNTY,,http://www.dallasisd.org/patton,,none,not_found
,DALLAS ISD | http://www.dallasisd.org/peabody,DALLAS COUNTY,,http://www.dallasisd.org/peabody,http://www.dallasisd.org/faculty-team/peabody-staff,crawl,found
,DALLAS ISD | http://www.dallasisd.org/pease,DALLAS COUNTY,,http://www.dallasisd.org/pease,,none,not_found
,DALLAS ISD | http://www.dallasisd.org/peeler,DALLAS COUNTY,,http://www.dallasisd.org/peeler,http://www.dallasisd.org/team-dallas-isd/staff-directory,crawl,found
,DALLAS ISD | http://www.dallasisd.org/pershing,DALLAS COUNTY,,http://www.dallasisd.org/pershing,http://www.dallasisd.org/team-dallas-isd/faculty-directory,crawl,found
,DALLAS ISD | http://www.dallasisd.org/pinkston,DALLAS COUNTY,,http://www.dallasisd.org/pinkston,http://www.dallasisd.org/faculty/main-office-staff,crawl,found
,DALLAS ISD | http://www.dallasisd.org/pleasantgrove,DALLAS COUNTY,,http://www.dallasisd.org/pleasantgrove,http://www.dallasisd.org/faculty-team,crawl,found
,DALLAS ISD | http://www.dallasisd.org/polk,DALLAS COUNTY,,http://www.dallasisd.org/polk,http://www.dallasisd.org/faculty-team/staff-directory,crawl,found
,DALLAS ISD | http://www.dallasisd.org/quintanilla,DALLAS COUNTY,,http://www.dallasisd.org/quintanilla,https://staff.dallasisd.org,crawl,found
,DALLAS ISD | http://www.dallasisd.org/reagan,DALLAS COUNTY,,http://www.dallasisd.org/reagan,,none,not_found
,DALLAS ISD | http://www.dallasisd.org/reilly,DALLAS COUNTY,,http://www.dallasisd.org/reilly,https://albertblack.dallasisd.org/team-dallas-isd/teacher-directory,crawl,found
,DALLAS ISD | http://www.dallasisd.org/reinhardt,DALLAS COUNTY,,http://www.dallasisd.org/reinhardt,http://www.dallasisd.org/faculty-team/office-staff,crawl,found
,DALLAS ISD | http://www.dallasisd.org/relee,DALLAS COUNTY,,http://www.dallasisd.org/relee,,none,not_found
,DALLAS ISD | http://www.dallasisd.org/rhoads,DALLAS COUNTY,,http://www.dallasisd.org/rhoads,http://www.dallasisd.org/our-school/faculty-team/rhoads-staff,crawl,found
,DALLAS ISD | http://www.dallasisd.org/rice,DALLAS COUNTY,,http://www.dallasisd.org/rice,http://www.dallasisd.org/faculty-team/faculty-directory,crawl,found
,DALLAS ISD | http://www.dallasisd.org/richardson,DALLAS COUNTY,,http://www.dallasisd.org/richardson,https://albertblack.dallasisd.org/team-dallas-isd/teacher-directory,crawl,found
,DALLAS ISD | http://www.dallasisd.org/rlthornton,DALLAS COUNTY,,http://www.dallasisd.org/rlthornton,,none,not_found
,DALLAS ISD | http://www.dallasisd.org/rogers,DALLAS COUNTY,,http://www.dallasisd.org/rogers,http://www.dallasisd.org/faculty-team/staff,crawl,found
,DALLAS ISD | http://www.dallasisd.org/roosevelt,DALLAS COUNTY,,http://www.dallasisd.org/roosevelt,http://www.dallasisd.org/faculty-team/staff/teacher-directory,crawl,found
,DALLAS ISD | http://www.dallasisd.org/rowe,DALLAS COUNTY,,http://www.dallasisd.org/rowe,,none,not_found
,DALLAS ISD | http://www.dallasisd.org/runyon,DALLAS COUNTY,,http://www.dallasisd.org/runyon,http://www.dallasisd.org/faculty-team/office-staff,crawl,found
,DALLAS ISD | http://www.dallasisd.org/rusk,DALLAS COUNTY,,http://www.dallasisd.org/rusk,http://www.dallasisd.org/faculty-team/office-staff,crawl,found
,DALLAS ISD | http://www.dallasisd.org/russell,DALLAS COUNTY,,http://www.dallasisd.org/russell,http://www.dallasisd.org/faculty-team,crawl,found
,DALLAS ISD | http://www.dallasisd.org/salazar,DALLAS COUNTY,,http://www.dallasisd.org/salazar,http://www.dallasisd.org/team-dallas-isd/office-staff,crawl,found
,DALLAS ISD | http://www.dallasisd.org/saldivar,DALLAS COUNTY,,http://www.dallasisd.org/saldivar,http://www.dallasisd.org/team-dallas-isd/teacher-directory,crawl,found
,DALLAS ISD | http://www.dallasisd.org/sanger,DALLAS COUNTY,,http://www.dallasisd.org/sanger,http://www.dallasisd.org/faculty-team/staff-directory,crawl,found
,DALLAS ISD | http://www.dallasisd.org/sanjacinto,DALLAS COUNTY,,http://www.dallasisd.org/sanjacinto,http://www.dallasisd.org/faculty-team,crawl,found
,DALLAS ISD | http://www.dallasisd.org/scgc,DALLAS COUNTY,,http://www.dallasisd.org/scgc,,none,not_found
,DALLAS ISD | http://www.dallasisd.org/seagovillees,DALLAS COUNTY,,http://www.dallasisd.org/seagovillees,http://www.dallasisd.org/our-school/support-staff,crawl,found
,DALLAS ISD | http://www.dallasisd.org/seagovillehs,DALLAS COUNTY,,http://www.dallasisd.org/seagovillehs,http://www.dallasisd.org/faculty-team,crawl,found
,DALLAS ISD | http://www.dallasisd.org/seagovillems,DALLAS COUNTY,,http://www.dallasisd.org/seagovillems,http://www.dallasisd.org/faculty-team/office-staff/office-personnel,crawl,found
,DALLAS ISD | http://www.dallasisd.org/seagovillenorth,DALLAS COUNTY,,http://www.dallasisd.org/seagovillenorth,http://www.dallasisd.org/team-dallas-isd/faculty-and-staff/administration,crawl,found
,DALLAS ISD | http://www.dallasisd.org/semagnet,DALLAS COUNTY,,http://www.dallasisd.org/semagnet,https://albertblack.dallasisd.org/team-dallas-isd/teacher-directory,crawl,found
,DALLAS ISD | http://www.dallasisd.org/silberstein,DALLAS COUNTY,,http://www.dallasisd.org/silberstein,https://staff.dallasisd.org,crawl,found
,DALLAS ISD | http://www.dallasisd.org/sjackson,DALLAS COUNTY,,http://www.dallasisd.org/sjackson,,none,not_found
,DALLAS ISD | http://www.dallasisd.org/skyline,DALLAS COUNTY,,http://www.dallasisd.org/skyline,http://www.dallasisd.org/faculty-team/team-directory,crawl,found
,DALLAS ISD | http://www.dallasisd.org/soc,DALLAS COUNTY,,http://www.dallasisd.org/soc,http://www.dallasisd.org/team-dallas-isd/teachers-directory,crawl,found
,DALLAS ISD | http://www.dallasisd.org/soto,DALLAS COUNTY,,http://www.dallasisd.org/soto,,none,not_found
,DALLAS ISD | http://www.dallasisd.org/spence,DALLAS COUNTY,,http://www.dallasisd.org/spence,http://www.dallasisd.org/faculty-staff,crawl,found
,DALLAS ISD | http://www.dallasisd.org/spruce,DALLAS COUNTY,,http://www.dallasisd.org/spruce,http://www.dallasisd.org/faculty-team/teacher-staff-directory,crawl,found
,DALLAS ISD | http://www.dallasisd.org/starks,DALLAS COUNTY,,http://www.dallasisd.org/starks,http://www.dallasisd.org/faculty-team/teacher-directory,crawl,found
,DALLAS ISD | http://www.dallasisd.org/stemmons,DALLAS COUNTY,,http://www.dallasisd.org/stemmons,http://www.dallasisd.org/team-directory,crawl,found
,DALLAS ISD | http://www.dallasisd.org/stevenspark,DALLAS COUNTY,,http://www.dallasisd.org/stevenspark,http://www.dallasisd.org/faculty-team/office-staff,crawl,found
,DALLAS ISD | http://www.dallasisd.org/stockard,DALLAS COUNTY,,http://www.dallasisd.org/stockard,http://www.dallasisd.org/team-dallas-isd/staff-directory,crawl,found
,DALLAS ISD | http://www.dallasisd.org/storey,DALLAS COUNTY,,http://www.dallasisd.org/storey,http://www.dallasisd.org/faculty-team/faculty-and-staff-directory,crawl,found
,DALLAS ISD | http://www.dallasisd.org/sunset,DALLAS COUNTY,,http://www.dallasisd.org/sunset,http://www.dallasisd.org/faculty-team/administration-and-instructional-leadership,crawl,found
,DALLAS ISD | http://www.dallasisd.org/tagmagnet,DALLAS COUNTY,,http://www.dallasisd.org/tagmagnet,http://www.dallasisd.org/faculty-team/office-staff,crawl,found
,DALLAS ISD | http://www.dallasisd.org/tasby,DALLAS COUNTY,,http://www.dallasisd.org/tasby,http://www.dallasisd.org/faculty-team/office-staff,crawl,found
,DALLAS ISD | http://www.dallasisd.org/tatum,DALLAS COUNTY,,http://www.dallasisd.org/tatum,http://www.dallasisd.org/faculty-team/staff,crawl,found
,DALLAS ISD | http://www.dallasisd.org/terry,DALLAS COUNTY,,http://www.dallasisd.org/terry,http://www.dallasisd.org/faculty-team/office-staff,crawl,found
,DALLAS ISD | http://www.dallasisd.org/titche,DALLAS COUNTY,,http://www.dallasisd.org/titche,http://www.dallasisd.org/team-directory,crawl,found
,DALLAS ISD | http://www.dallasisd.org/tolbert,DALLAS COUNTY,,http://www.dallasisd.org/tolbert,http://www.dallasisd.org/team-dallas-isd/faculty-directory,crawl,found
,DALLAS ISD | http://www.dallasisd.org/travis,DALLAS COUNTY,,http://www.dallasisd.org/travis,http://www.dallasisd.org/faculty-team,crawl,found
,DALLAS ISD | http://www.dallasisd.org/truett,DALLAS COUNTY,,http://www.dallasisd.org/truett,http://www.dallasisd.org/team-dallas-isd/teacher-directory,crawl,found
,DALLAS ISD | http://www.dallasisd.org/turner,DALLAS COUNTY,,http://www.dallasisd.org/turner,http://www.dallasisd.org/faculty-team/teacher-directory,crawl,found
,DALLAS ISD | http://www.dallasisd.org/twain,DALLAS COUNTY,,http://www.dallasisd.org/twain,http://www.dallasisd.org/faculty-team,crawl,found
,DALLAS ISD | http://www.dallasisd.org/ulee,DALLAS COUNTY,,http://www.dallasisd.org/ulee,http://www.dallasisd.org/faculty-team/staff,crawl,found
,DALLAS ISD | http://www.dallasisd.org/urbanpark,DALLAS COUNTY,,http://www.dallasisd.org/urbanpark,http://www.dallasisd.org/faculty-team/staff-contactcontacto-de-empleados,crawl,found
,DALLAS ISD | http://www.dallasisd.org/walker,DALLAS COUNTY,,http://www.dallasisd.org/walker,http://www.dallasisd.org/faculty-team/office-staff,crawl,found
,DALLAS ISD | http://www.dallasisd.org/walnuthill,DALLAS COUNTY,,http://www.dallasisd.org/walnuthill,https://staff.dallasisd.org,crawl,found
,DALLAS ISD | http://www.dallasisd.org/webster,DALLAS COUNTY,,http://www.dallasisd.org/webster,http://www.dallasisd.org/faculty-team,crawl,found
,DALLAS ISD | http://www.dallasisd.org/weiss,DALLAS COUNTY,,http://www.dallasisd.org/weiss,http://www.dallasisd.org/faculty-team/facultystaff-resources/campus-forms-links,crawl,found
,DALLAS ISD | http://www.dallasisd.org/williams,DALLAS COUNTY,,http://www.dallasisd.org/williams,,none,not_found
,DALLAS ISD | http://www.dallasisd.org/wilmerhutchinses,DALLAS COUNTY,,http://www.dallasisd.org/wilmerhutchinses,https://albertblack.dallasisd.org/team-dallas-isd/teacher-directory,crawl,found
,DALLAS ISD | http://www.dallasisd.org/wilmerhutchinshs,DALLAS COUNTY,,http://www.dallasisd.org/wilmerhutchinshs,http://www.dallasisd.org/team-dallas-isd/office-staff,crawl,found
,DALLAS ISD | http://www.dallasisd.org/winnetka,DALLAS COUNTY,,http://www.dallasisd.org/winnetka,http://www.dallasisd.org/team-directory,crawl,found
,DALLAS ISD | http://www.dallasisd.org/withers,DALLAS COUNTY,,http://www.dallasisd.org/withers,http://www.dallasisd.org/faculty-team/faculty-staff,crawl,found
,DALLAS ISD | http://www.dallasisd.org/woodrow,DALLAS COUNTY,,http://www.dallasisd.org/woodrow,https://staff.dallasisd.org,crawl,found
,DALLAS ISD | http://www.dallasisd.org/wtwhite,DALLAS COUNTY,,http://www.dallasisd.org/wtwhite,http://www.dallasisd.org/faculty-team/faculty-and-staff,crawl,found
,DALLAS ISD | http://www.dallasisd.org/young,DALLAS COUNTY,,http://www.dallasisd.org/young,http://www.dallasisd.org/faculty-team/office-staff/office-manager,crawl,found
,DALLAS ISD | http://www.dallasisd.org/zaragoza,DALLAS COUNTY,,http://www.dallasisd.org/zaragoza,http://www.dallasisd.org/faculty-team/zaragoza-staff,crawl,found
,DALLAS ISD | http://www.dallasisd.org/zumwalt,DALLAS COUNTY,,http://www.dallasisd.org/zumwalt,,none,not_found
,DALLAS ISD | http://www.dallasisd.org/zwholmes,DALLAS COUNTY,,http://www.dallasisd.org/zwholmes,http://www.dallasisd.org/faculty-team/staff-directory,crawl,found
,DAMON ISD | http://www.damonisd.net,BRAZORIA COUNTY,,http://www.damonisd.net,,none,not_found
,DANBURY ISD | http://www.danburyisd.org,BRAZORIA COUNTY,,http://www.danburyisd.org,https://www.danburyisd.org/apps/pages/index.jsp?uREC_ID=1587311&type=d&pREC_ID=staff,crawl,found
,DAWSON ISD | http://www.dawsonisd.net,NAVARRO COUNTY,,http://www.dawsonisd.net,http://www.dawsonisd.net/apps/pages/index.jsp?uREC_ID=318481&type=d&pREC_ID=staff,crawl,found
,DAYTON ISD | http://www.daytonisd.net,LIBERTY COUNTY,,http://www.daytonisd.net,,none,not_found
,DECATUR ISD | http://www.decaturisd.us,WISE COUNTY,,http://www.decaturisd.us,http://www.decaturisd.us/staff,path,found
,DEER PARK ISD | http://www.dpisd.org,HARRIS COUNTY,,http://www.dpisd.org,http://www.dpisd.org/apps/pages/index.jsp?uREC_ID=1564234&type=d&pREC_ID=staff,crawl,found
,DEKALB ISD | http://www.dekalbisd.net,BOWIE COUNTY,,http://www.dekalbisd.net,,none,not_found
,DEL VALLE ISD | http://del-valle.k12.tx.us,TRAVIS COUNTY,,http://del-valle.k12.tx.us,,none,not_found
,DEL VALLE ISD | http://www.dvisd.net,TRAVIS COUNTY,,http://www.dvisd.net,http://www.dvisd.net/departments/staff-directory,crawl,found
,DELL CITY ISD | http://dellcity.schoolwires.com,HUDSPETH COUNTY,,http://dellcity.schoolwires.com,,none,not_found
,DENISON ISD | http://denisonisd.net,GRAYSON COUNTY,,http://denisonisd.net,http://denisonisd.net/directory,path,found
,DENISON ISD | http://www.denisonisd.net,GRAYSON COUNTY,,http://www.denisonisd.net,http://www.denisonisd.net/directory,path,found
,DENTON ISD | http://www.dentonisd.org,DENTON COUNTY,,http://www.dentonisd.org,http://www.dentonisd.org,crawl,found
,DENVER CITY ISD | http://www.dcisd.org,YOAKUM COUNTY,,http://www.dcisd.org,http://www.dcisd.org/staff-directory,path,found
,DESOTO ISD | http://www.desotoisd.org,DALLAS COUNTY,,http://www.desotoisd.org,http://www.desotoisd.org/about_desoto_i_s_d/overview/organizational_staff_directory,crawl,found
,DETROIT ISD | http://detroiteagles.net,RED RIVER COUNTY,,http://detroiteagles.net,http://detroiteagles.net/administration,crawl,found
,DEVERS ISD | http://www.deversisd.net,LIBERTY COUNTY,,http://www.deversisd.net,,none,not_found
,DEVINE ISD | http://www.devineisd.org,MEDINA COUNTY,,http://www.devineisd.org,,none,not_found
,DEW ISD | http://dewisd.org,FREESTONE COUNTY,,http://dewisd.org,,none,not_found
,DEW ISD | http://www.dewisd.org,FREESTONE COUNTY,,http://www.dewisd.org,http://www.dewisd.org/staff,path,found
,DEWEYVILLE ISD | http://www.deweyvilleisd.com,NEWTON COUNTY,,http://www.deweyvilleisd.com,,none,not_found
,DIBOLL ISD | http://www.dibollisd.com,ANGELINA COUNTY,,http://www.dibollisd.com,,none,not_found
,DICKINSON ISD | http://www.dickinsonisd.org,GALVESTON COUNTY,,http://www.dickinsonisd.org,http://www.dickinsonisd.org/page/admin.directory,crawl,found
,DILLEY ISD | http://dilleyisd.net,FRIO COUNTY,,http://dilleyisd.net,http://dilleyisd.net/staff,path,found
,DILLEY ISD | http://www.dilleyisd.net,FRIO COUNTY,,http://www.dilleyisd.net,http://www.dilleyisd.net/staff,path,found
,DIME BOX ISD | http://www.dimeboxisd.net,LEE COUNTY,,http://www.dimeboxisd.net,http://www.dimeboxisd.net/apps/directory/,crawl,found
,DIMMITT ISD | http://www.dimmittisd.net,CASTRO COUNTY,,http://www.dimmittisd.net,,none,not_found
,DODD CITY ISD | http://www.doddcityisd.org/index.html,FANNIN COUNTY,,http://www.doddcityisd.org/index.html,,none,not_found
,DONNA ISD | http://www.donnaisd.net,HIDALGO COUNTY,,http://www.donnaisd.net,http://www.donnaisd.net/staff,path,found
,DR M L GARZA-GONZALEZ CHARTER SCHOOL | http://www.gcclr.org,NUECES COUNTY,,http://www.gcclr.org,http://www.gcclr.org/staff-directory,path,found
,DRAW ACADEMY | http://www.draw.org,HARRIS COUNTY,,http://www.draw.org,,none,not_found
,DUMAS ISD | http://www.dumas-k12.net,MOORE COUNTY,,http://www.dumas-k12.net,,none,not_found
,DUNCANVILLE ISD | http://pace.duncanvilleisd.org,DALLAS COUNTY,,http://pace.duncanvilleisd.org,http://pace.duncanvilleisd.org/staff-directory,path,found
,DUNCANVILLE ISD | http://www.duncanvilleisd.org,DALLAS COUNTY,,http://www.duncanvilleisd.org,http://www.duncanvilleisd.org/about-us/leadership,crawl,found
,EAGLE MT-SAGINAW ISD | http://www.emsisd.com,TARRANT COUNTY,,http://www.emsisd.com,http://www.emsisd.com/directory,path,found
,EAGLE PASS ISD | http://www.eaglepassisd.net,MAVERICK COUNTY,,http://www.eaglepassisd.net,,none,not_found
,EANES ISD | http://www.eanesisd.net,TRAVIS COUNTY,,http://www.eanesisd.net,http://www.eanesisd.net/directory,path,found
,EARLY ISD | http://www.earlyisd.net,BROWN COUNTY,,http://www.earlyisd.net,,none,not_found
,EAST BERNARD ISD | http://www.ebisd.org,WHARTON COUNTY,,http://www.ebisd.org,http://www.ebisd.org/staff,path,found
,EAST CENTRAL ISD | http://www.ecisd.net,BEXAR COUNTY,,http://www.ecisd.net,http://www.ecisd.net/personnel,path,found
,EAST CHAMBERS ISD | http://www.eastchambers.net,CHAMBERS COUNTY,,http://www.eastchambers.net,http://www.eastchambers.net/staff,path,found
,EAST TEXAS CHARTER SCHOOLS | http://www.etchs.net,GREGG COUNTY,,http://www.etchs.net,http://www.etchs.net/staff-directory,path,found
,EASTLAND ISD | http://www.eastlandisd.net,EASTLAND COUNTY,,http://www.eastlandisd.net,http://www.eastlandisd.net/staff,path,found
,ECTOR COUNTY ISD | http://www.ectorcountyisd.org,ECTOR COUNTY,,http://www.ectorcountyisd.org,http://www.ectorcountyisd.org/departments/avid/staff-directory,crawl,found
,EDCOUCH-ELSA ISD | http://www.eeisd.org,HIDALGO COUNTY,,http://www.eeisd.org,http://www.eeisd.org/staff,path,found
,EDEN CISD | http://edencisd.net,CONCHO COUNTY,,http://edencisd.net,http://edencisd.net/staff,path,found
,EDEN CISD | http://www.edencisd.net,CONCHO COUNTY,,http://www.edencisd.net,http://www.edencisd.net/staff,path,found
,EDGEWOOD ISD | http://www.edgewood-isd.net,VAN ZANDT COUNTY,,http://www.edgewood-isd.net,http://www.edgewood-isd.net/staff,path,found
,EDGEWOOD ISD | http://www.eisd.net,BEXAR COUNTY,,http://www.eisd.net,http://www.eisd.net/staff,path,found
,EDINBURG CISD | http://www.ecisd.us,HIDALGO COUNTY,,http://www.ecisd.us,http://www.ecisd.us/apps/pages/index.jsp?uREC_ID=1182571&type=d&pREC_ID=1428431,crawl,found
,EDNA ISD | http://www.ednaisd.org,JACKSON COUNTY,,http://www.ednaisd.org,http://www.ednaisd.org/staff,path,found
,EDUCATION CENTER INTERNATIONAL ACADEMY | http://www.eciacharter.com,DALLAS COUNTY,,http://www.eciacharter.com,https://eciacharter.com/who-we-are/,crawl,found
,EHRHART SCHOOL | http://www.ehrhartschool.org,JEFFERSON COUNTY,,http://www.ehrhartschool.org,,none,not_found
,EL CAMPO ISD | http://www.ecisd.org,WHARTON COUNTY,,http://www.ecisd.org,http://www.ecisd.org/staff,path,found
,EL PASO ACADEMY | http://www.elpacademy.com,EL PASO COUNTY,,http://www.elpacademy.com,http://www.elpacademy.com/staff,crawl,found
,EL PASO ISD | http://burnet.epsid.org,EL PASO COUNTY,,http://burnet.epsid.org,,none,not_found
,EL PASO ISD | http://cielovista.org,EL PASO COUNTY,,http://cielovista.org,,none,not_found
,EL PASO ISD | http://cte.episd.org,EL PASO COUNTY,,http://cte.episd.org,,none,not_found
,EL PASO ISD | http://episd.org,EL PASO COUNTY,,http://episd.org,http://episd.org/staff,path,found
,EL PASO ISD | http://vilas.org,EL PASO COUNTY,,http://vilas.org,,none,not_found
,ELECTRA ISD | http://www.electraisd.net,WICHITA COUNTY,,http://www.electraisd.net,,none,not_found
,ELGIN ISD | http://www.elginisd.net,BASTROP COUNTY,,http://www.elginisd.net,http://www.elginisd.net/departments/career-technical-education-cte/cte-staff-directory,crawl,found
,ELKHART ISD | http://elkhartisd.org,ANDERSON COUNTY,,http://elkhartisd.org,,none,not_found
,ELKHART ISD | http://www.elkhartisd.org,ANDERSON COUNTY,,http://www.elkhartisd.org,,none,not_found
,ELYSIAN FIELDS ISD | http://www.efisd.net,HARRISON COUNTY,,http://www.efisd.net,,none,not_found
,ENNIS ISD | http://www.ennis.K12.tx.us,ELLIS COUNTY,,http://www.ennis.K12.tx.us,http://www.ennis.K12.tx.us/staff,path,found
,ERA ISD | http://www.eraisd.net,COOKE COUNTY,,http://www.eraisd.net,http://www.eraisd.net/staff,path,found
,EULA ISD | http://www.eulaisd.us,CALLAHAN COUNTY,,http://www.eulaisd.us,http://www.eulaisd.us/staff,path,found
,EUSTACE ISD | http://eustaceisd.net,HENDERSON COUNTY,,http://eustaceisd.net,,none,not_found
,EUSTACE ISD | http://www.eustaceisd.net,HENDERSON COUNTY,,http://www.eustaceisd.net,,none,not_found
,EVADALE ISD | http://esc5.net/evadale/home/default.htm,JASPER COUNTY,,http://esc5.net/evadale/home/default.htm,,none,not_found
,EVADALE ISD | http://www.evadalek12.net,JASPER COUNTY,,http://www.evadalek12.net,http://www.evadalek12.net/staff,path,found
,EVANT ISD | http://www.centex-edu.net/evant,CORYELL COUNTY,,http://www.centex-edu.net/evant,,none,not_found
,EVANT ISD | http://www.evantisd.org,CORYELL COUNTY,,http://www.evantisd.org,http://www.evantisd.org/__catapult_pages/92294b1f-4ae5-4ac6-9735-16d572c11773/Staff-Directory.html,crawl,found
,EVERMAN ISD | http://www.eisd.org,TARRANT COUNTY,,http://www.eisd.org,http://www.eisd.org/staff,path,found
,EVOLUTION ACADEMY CHARTER SCHOOL | http://www.evolutionacademy.org,DALLAS COUNTY,,http://www.evolutionacademy.org,http://www.evolutionacademy.org/staff,crawl,found
,EXCELSIOR ISD | http://www.excelsior.esc7.net,SHELBY COUNTY,,http://www.excelsior.esc7.net,,none,not_found
,EZZELL ISD | http://www.ezzellisd.org,LAVACA COUNTY,,http://www.ezzellisd.org,,none,not_found
,FABENS ISD | http://www.fabensisd.net,EL PASO COUNTY,,http://www.fabensisd.net,http://www.fabensisd.net/about-fabens-isd/staff-directory,crawl,found
,FAITH FAMILY ACADEMY OF OAK CLIFF | http://www.faithfamilyacademy.org,DALLAS COUNTY,,http://www.faithfamilyacademy.org,http://www.faithfamilyacademy.org/about-us/leadership,crawl,found
,FALLBROOK COLLEGE PREPARATORY ACADEMY | http://www.fallbrookcpa.org,HARRIS COUNTY,,http://www.fallbrookcpa.org,,none,not_found
,FALLS CITY ISD | http://www.fcisd.net,KARNES COUNTY,,http://www.fcisd.net,http://www.fcisd.net/staff/staff-forms,crawl,found
,FALLS CITY ISD | http://www.fisd.us/Alternative,KARNES COUNTY,,http://www.fisd.us/Alternative,,none,not_found
,FARMERSVILLE ISD | http://www.farmersvilleisd.net,COLLIN COUNTY,,http://www.farmersvilleisd.net,http://www.farmersvilleisd.net/apps/pages/index.jsp?uREC_ID=445879&type=d&pREC_ID=961696,crawl,found
,FARWELL ISD | http://www.farwellschools.org,PARMER COUNTY,,http://www.farwellschools.org,http://www.farwellschools.org/page/dis.staffroster,crawl,found
,FAYETTEVILLE ISD | http://www.fayettevilleisd.net,FAYETTE COUNTY,,http://www.fayettevilleisd.net,http://www.fayettevilleisd.net/staff,path,found
,FERRIS ISD | http://www.ferrisisd.org,ELLIS COUNTY,,http://www.ferrisisd.org,http://www.ferrisisd.org/about/leadership,crawl,found
,FLATONIA ISD | http://www.flatoniaisd.net,FAYETTE COUNTY,,http://www.flatoniaisd.net,,none,not_found
,FLORENCE ISD | http://florenceisd.net,WILLIAMSON COUNTY,,http://florenceisd.net,,none,not_found
,FLORESVILLE ISD | http://www.fisd.us/High,WILSON COUNTY,,http://www.fisd.us/High,,none,not_found
,FLORESVILLE ISD | http://www.fisd.us/NorthElementary,WILSON COUNTY,,http://www.fisd.us/NorthElementary,,none,not_found
,FLORESVILLE ISD | http://www.fisd.us/middle,WILSON COUNTY,,http://www.fisd.us/middle,,none,not_found
,FLORESVILLE ISD | http://www.fisd.us/southelementary,WILSON COUNTY,,http://www.fisd.us/southelementary,,none,not_found
,FLOUR BLUFF ISD | http://www.flourbluffschools.net,NUECES COUNTY,,http://www.flourbluffschools.net,https://flourbluffschools.net/district-directory/,crawl,found
,FLOYDADA ISD | http://www.floydadaisd.esc17.net,FLOYD COUNTY,,http://www.floydadaisd.esc17.net,http://www.floydadaisd.esc17.net/staff,path,found
,FOCUS LEARNING ACADEMY | http://www.focusacademy.org,DALLAS COUNTY,,http://www.focusacademy.org,,none,not_found
,FOLLETT ISD | http://follettisd.net,LIPSCOMB COUNTY,,http://follettisd.net,http://follettisd.net/staff,path,found
,FORNEY ISD | http://www.forneyisd.net,KAUFMAN COUNTY,,http://www.forneyisd.net,http://www.forneyisd.net/directory,path,found
,FORSAN ISD | http://forsan.esc18.net,HOWARD COUNTY,,http://forsan.esc18.net,http://forsan.esc18.net/staff,path,found
,FORSAN ISD | http://www.forsan.esc18.net,HOWARD COUNTY,,http://www.forsan.esc18.net,http://www.forsan.esc18.net/staff,path,found
,FORT BEND ISD | http://www.fortbend.k12.tx.us,FORT BEND COUNTY,,http://www.fortbend.k12.tx.us,,none,not_found
,FORT BEND ISD | http://www.fortbend.k12.tx.us/campuses/SMS/default.cfm,FORT BEND COUNTY,,http://www.fortbend.k12.tx.us/campuses/SMS/default.cfm,,none,not_found
,FORT BEND ISD | http://www.fortbend.k12.tx.us/campuses/ae/defau,FORT BEND COUNTY,,http://www.fortbend.k12.tx.us/campuses/ae/defau,,none,not_found
,FORT BEND ISD | http://www.fortbend.k12.tx.us/campuses/afe/default.cfm,FORT BEND COUNTY,,http://www.fortbend.k12.tx.us/campuses/afe/default.cfm,,none,not_found
,FORT BEND ISD | http://www.fortbend.k12.tx.us/campuses/ahs/default.cfm,FORT BEND COUNTY,,http://www.fortbend.k12.tx.us/campuses/ahs/default.cfm,,none,not_found
,FORT BEND ISD | http://www.fortbend.k12.tx.us/campuses/ape/default.cfm,FORT BEND COUNTY,,http://www.fortbend.k12.tx.us/campuses/ape/default.cfm,,none,not_found
,FORT BEND ISD | http://www.fortbend.k12.tx.us/campuses/bbe/default.cfm,FORT BEND COUNTY,,http://www.fortbend.k12.tx.us/campuses/bbe/default.cfm,,none,not_found
,FORT BEND ISD | http://www.fortbend.k12.tx.us/campuses/bge/default.cfm,FORT BEND COUNTY,,http://www.fortbend.k12.tx.us/campuses/bge/default.cfm,,none,not_found
,FORT BEND ISD | http://www.fortbend.k12.tx.us/campuses/bhs/default.cfm,FORT BEND COUNTY,,http://www.fortbend.k12.tx.us/campuses/bhs/default.cfm,,none,not_found
,FORT BEND ISD | http://www.fortbend.k12.tx.us/campuses/bje/default.cfm,FORT BEND COUNTY,,http://www.fortbend.k12.tx.us/campuses/bje/default.cfm,,none,not_found
,FORT BEND ISD | http://www.fortbend.k12.tx.us/campuses/bms/default.cfm,FORT BEND COUNTY,,http://www.fortbend.k12.tx.us/campuses/bms/default.cfm,,none,not_found
,FORT BEND ISD | http://www.fortbend.k12.tx.us/campuses/bpe/default.cfm,FORT BEND COUNTY,,http://www.fortbend.k12.tx.us/campuses/bpe/default.cfm,,none,not_found
,FORT BEND ISD | http://www.fortbend.k12.tx.us/campuses/bre/default.cfm,FORT BEND COUNTY,,http://www.fortbend.k12.tx.us/campuses/bre/default.cfm,,none,not_found
,FORT BEND ISD | http://www.fortbend.k12.tx.us/campuses/cbe/default.cfm,FORT BEND COUNTY,,http://www.fortbend.k12.tx.us/campuses/cbe/default.cfm,,none,not_found
,FORT BEND ISD | http://www.fortbend.k12.tx.us/campuses/chs/default.cfm,FORT BEND COUNTY,,http://www.fortbend.k12.tx.us/campuses/chs/default.cfm,,none,not_found
,FORT BEND ISD | http://www.fortbend.k12.tx.us/campuses/cme/default.cfm,FORT BEND COUNTY,,http://www.fortbend.k12.tx.us/campuses/cme/default.cfm,,none,not_found
,FORT BEND ISD | http://www.fortbend.k12.tx.us/campuses/cmms/default.cfm,FORT BEND COUNTY,,http://www.fortbend.k12.tx.us/campuses/cmms/default.cfm,,none,not_found
,FORT BEND ISD | http://www.fortbend.k12.tx.us/campuses/cse/defa,FORT BEND COUNTY,,http://www.fortbend.k12.tx.us/campuses/cse/defa,,none,not_found
,FORT BEND ISD | http://www.fortbend.k12.tx.us/campuses/cwe/default.cfm,FORT BEND COUNTY,,http://www.fortbend.k12.tx.us/campuses/cwe/default.cfm,,none,not_found
,FORT BEND ISD | http://www.fortbend.k12.tx.us/campuses/dcms/def,FORT BEND COUNTY,,http://www.fortbend.k12.tx.us/campuses/dcms/def,,none,not_found
,FORT BEND ISD | http://www.fortbend.k12.tx.us/campuses/de/default.cfm,FORT BEND COUNTY,,http://www.fortbend.k12.tx.us/campuses/de/default.cfm,,none,not_found
,FORT BEND ISD | http://www.fortbend.k12.tx.us/campuses/dhs/default.cfm,FORT BEND COUNTY,,http://www.fortbend.k12.tx.us/campuses/dhs/default.cfm,,none,not_found
,FORT BEND ISD | http://www.fortbend.k12.tx.us/campuses/dms/default.cfm,FORT BEND COUNTY,,http://www.fortbend.k12.tx.us/campuses/dms/default.cfm,,none,not_found
,FORT BEND ISD | http://www.fortbend.k12.tx.us/campuses/ehs/default.cfm,FORT BEND COUNTY,,http://www.fortbend.k12.tx.us/campuses/ehs/default.cfm,,none,not_found
,FORT BEND ISD | http://www.fortbend.k12.tx.us/campuses/fcms/default.cfm,FORT BEND COUNTY,,http://www.fortbend.k12.tx.us/campuses/fcms/default.cfm,,none,not_found
,FORT BEND ISD | http://www.fortbend.k12.tx.us/campuses/fsms/default.cfm,FORT BEND COUNTY,,http://www.fortbend.k12.tx.us/campuses/fsms/default.cfm,,none,not_found
,FORT BEND ISD | http://www.fortbend.k12.tx.us/campuses/ge/default.cfm,FORT BEND COUNTY,,http://www.fortbend.k12.tx.us/campuses/ge/default.cfm,,none,not_found
,FORT BEND ISD | http://www.fortbend.k12.tx.us/campuses/gms/default.cfm,FORT BEND COUNTY,,http://www.fortbend.k12.tx.us/campuses/gms/default.cfm,,none,not_found
,FORT BEND ISD | http://www.fortbend.k12.tx.us/campuses/hbms/default.cfm,FORT BEND COUNTY,,http://www.fortbend.k12.tx.us/campuses/hbms/default.cfm,,none,not_found
,FORT BEND ISD | http://www.fortbend.k12.tx.us/campuses/he/default.cfm,FORT BEND COUNTY,,http://www.fortbend.k12.tx.us/campuses/he/default.cfm,,none,not_found
,FORT BEND ISD | http://www.fortbend.k12.tx.us/campuses/hge/default.cfm,FORT BEND COUNTY,,http://www.fortbend.k12.tx.us/campuses/hge/default.cfm,,none,not_found
,FORT BEND ISD | http://www.fortbend.k12.tx.us/campuses/hhs/default.cfm,FORT BEND COUNTY,,http://www.fortbend.k12.tx.us/campuses/hhs/default.cfm,,none,not_found
,FORT BEND ISD | http://www.fortbend.k12.tx.us/campuses/je/default.cfm,FORT BEND COUNTY,,http://www.fortbend.k12.tx.us/campuses/je/default.cfm,,none,not_found
,FORT BEND ISD | http://www.fortbend.k12.tx.us/campuses/khs/default.cfm,FORT BEND COUNTY,,http://www.fortbend.k12.tx.us/campuses/khs/default.cfm,,none,not_found
,FORT BEND ISD | http://www.fortbend.k12.tx.us/campuses/lce/default.cfm,FORT BEND COUNTY,,http://www.fortbend.k12.tx.us/campuses/lce/default.cfm,,none,not_found
,FORT BEND ISD | http://www.fortbend.k12.tx.us/campuses/lge/default.cfm,FORT BEND COUNTY,,http://www.fortbend.k12.tx.us/campuses/lge/default.cfm,,none,not_found
,FORT BEND ISD | http://www.fortbend.k12.tx.us/campuses/lle/default.cfm,FORT BEND COUNTY,,http://www.fortbend.k12.tx.us/campuses/lle/default.cfm,,none,not_found
,FORT BEND ISD | http://www.fortbend.k12.tx.us/campuses/loms/default.cfm,FORT BEND COUNTY,,http://www.fortbend.k12.tx.us/campuses/loms/default.cfm,,none,not_found
,FORT BEND ISD | http://www.fortbend.k12.tx.us/campuses/lve/default.cfm,FORT BEND COUNTY,,http://www.fortbend.k12.tx.us/campuses/lve/default.cfm,,none,not_found
,FORT BEND ISD | http://www.fortbend.k12.tx.us/campuses/mbe/default.cfm,FORT BEND COUNTY,,http://www.fortbend.k12.tx.us/campuses/mbe/default.cfm,,none,not_found
,FORT BEND ISD | http://www.fortbend.k12.tx.us/campuses/mcms/default.cfm,FORT BEND COUNTY,,http://www.fortbend.k12.tx.us/campuses/mcms/default.cfm,,none,not_found
,FORT BEND ISD | http://www.fortbend.k12.tx.us/campuses/me/default.cfm,FORT BEND COUNTY,,http://www.fortbend.k12.tx.us/campuses/me/default.cfm,,none,not_found
,FORT BEND ISD | http://www.fortbend.k12.tx.us/campuses/mge/default.cfm,FORT BEND COUNTY,,http://www.fortbend.k12.tx.us/campuses/mge/default.cfm,,none,not_found
,FORT BEND ISD | http://www.fortbend.k12.tx.us/campuses/mhe/defa,FORT BEND COUNTY,,http://www.fortbend.k12.tx.us/campuses/mhe/defa,,none,not_found
,FORT BEND ISD | http://www.fortbend.k12.tx.us/campuses/mhs/default.cfm,FORT BEND COUNTY,,http://www.fortbend.k12.tx.us/campuses/mhs/default.cfm,,none,not_found
,FORT BEND ISD | http://www.fortbend.k12.tx.us/campuses/mrw/default.cfm,FORT BEND COUNTY,,http://www.fortbend.k12.tx.us/campuses/mrw/default.cfm,,none,not_found
,FORT BEND ISD | http://www.fortbend.k12.tx.us/campuses/mwe/default.cfm,FORT BEND COUNTY,,http://www.fortbend.k12.tx.us/campuses/mwe/default.cfm,,none,not_found
,FORT BEND ISD | http://www.fortbend.k12.tx.us/campuses/oce/default.cfm,FORT BEND COUNTY,,http://www.fortbend.k12.tx.us/campuses/oce/default.cfm,,none,not_found
,FORT BEND ISD | http://www.fortbend.k12.tx.us/campuses/pe/default.cfm,FORT BEND COUNTY,,http://www.fortbend.k12.tx.us/campuses/pe/default.cfm,,none,not_found
,FORT BEND ISD | http://www.fortbend.k12.tx.us/campuses/pge/default.cfm,FORT BEND COUNTY,,http://www.fortbend.k12.tx.us/campuses/pge/default.cfm,,none,not_found
,FORT BEND ISD | http://www.fortbend.k12.tx.us/campuses/qve/default.cfm,FORT BEND COUNTY,,http://www.fortbend.k12.tx.us/campuses/qve/default.cfm,,none,not_found
,FORT BEND ISD | http://www.fortbend.k12.tx.us/campuses/qvms/default.cfm,FORT BEND COUNTY,,http://www.fortbend.k12.tx.us/campuses/qvms/default.cfm,,none,not_found
,FORT BEND ISD | http://www.fortbend.k12.tx.us/campuses/rde/default.cfm,FORT BEND COUNTY,,http://www.fortbend.k12.tx.us/campuses/rde/default.cfm,,none,not_found
,FORT BEND ISD | http://www.fortbend.k12.tx.us/campuses/rge/default.cfm,FORT BEND COUNTY,,http://www.fortbend.k12.tx.us/campuses/rge/default.cfm,,none,not_found
,FORT BEND ISD | http://www.fortbend.k12.tx.us/campuses/rme/default.cfm,FORT BEND COUNTY,,http://www.fortbend.k12.tx.us/campuses/rme/default.cfm,,none,not_found
,FORT BEND ISD | http://www.fortbend.k12.tx.us/campuses/sce/default.cfm,FORT BEND COUNTY,,http://www.fortbend.k12.tx.us/campuses/sce/default.cfm,,none,not_found
,FORT BEND ISD | http://www.fortbend.k12.tx.us/campuses/slms/default.cfm,FORT BEND COUNTY,,http://www.fortbend.k12.tx.us/campuses/slms/default.cfm,,none,not_found
,FORT BEND ISD | http://www.fortbend.k12.tx.us/campuses/sme/default.cfm,FORT BEND COUNTY,,http://www.fortbend.k12.tx.us/campuses/sme/default.cfm,,none,not_found
,FORT BEND ISD | http://www.fortbend.k12.tx.us/campuses/swe/default.cfm,FORT BEND COUNTY,,http://www.fortbend.k12.tx.us/campuses/swe/default.cfm,,none,not_found
,FORT BEND ISD | http://www.fortbend.k12.tx.us/campuses/ths/defa,FORT BEND COUNTY,,http://www.fortbend.k12.tx.us/campuses/ths/defa,,none,not_found
,FORT BEND ISD | http://www.fortbend.k12.tx.us/campuses/twe/default.cfm,FORT BEND COUNTY,,http://www.fortbend.k12.tx.us/campuses/twe/default.cfm,,none,not_found
,FORT BEND ISD | http://www.fortbend.k12.tx.us/campuses/wbe/default.cfm,FORT BEND COUNTY,,http://www.fortbend.k12.tx.us/campuses/wbe/default.cfm,,none,not_found
,FORT BEND ISD | http://www.fortbend.k12.tx.us/campuses/whs/default.cfm,FORT BEND COUNTY,,http://www.fortbend.k12.tx.us/campuses/whs/default.cfm,,none,not_found
,FORT BEND ISD | http://www.fortbend.k12.tx.us/campuses/wse/default.cfm,FORT BEND COUNTY,,http://www.fortbend.k12.tx.us/campuses/wse/default.cfm,,none,not_found
,FORT BEND ISD | http://www.fortbendisd.com,FORT BEND COUNTY,,http://www.fortbendisd.com,http://www.fortbendisd.com/our-district/leadership,crawl,found
,FORT BEND ISD | http://www.fortbendisd.com/campuses/jse/default,FORT BEND COUNTY,,http://www.fortbendisd.com/campuses/jse/default,,none,not_found
,FORT BEND ISD | http://www.fortbendisd.com/campuses/mrw/default,FORT BEND COUNTY,,http://www.fortbendisd.com/campuses/mrw/default,,none,not_found
,FORT BEND ISD | http://www.fortbendisd.com/campuses/oe/default.,FORT BEND COUNTY,,http://www.fortbendisd.com/campuses/oe/default.,,none,not_found
,FORT BEND ISD | http://www.fortbendisd.com/campuses/rpe/default,FORT BEND COUNTY,,http://www.fortbendisd.com/campuses/rpe/default,,none,not_found
,FORT BEND ISD | http://www.fortbendisd.com/campuses/soe/default,FORT BEND COUNTY,,http://www.fortbendisd.com/campuses/soe/default,,none,not_found
,FORT STOCKTON ISD | http://www.fsisd.net,PECOS COUNTY,,http://www.fsisd.net,http://www.fsisd.net/staff-directory,path,found
,FORT WORTH ACADEMY OF FINE ARTS | http://www.fwafa.org,TARRANT COUNTY,,http://www.fwafa.org,http://www.fwafa.org,crawl,found
,FORT WORTH ISD | http://www.fwisd.org,TARRANT COUNTY,,http://www.fwisd.org,http://www.fwisd.org/schooldirectory,crawl,found
,FRANKLIN ISD | http://www.franklinisd.net,ROBERTSON COUNTY,,http://www.franklinisd.net,,none,not_found
,FRANKSTON ISD | http://www.frankstonisd.net,ANDERSON COUNTY,,http://www.frankstonisd.net,http://www.frankstonisd.net/staff,crawl,found
,FREDERICKSBURG ISD | http://www.FISD.org,GILLESPIE COUNTY,,http://www.FISD.org,http://www.FISD.org/our-district/district-leadership-landing-page,crawl,found
,FREER ISD | http://www.hs.freerisd.org,DUVAL COUNTY,,http://www.hs.freerisd.org,,none,not_found
,FREER ISD | http://www.jh.freerisd.org,DUVAL COUNTY,,http://www.jh.freerisd.org,,none,not_found
,FREER ISD | http://www.nt.freerisd.org,DUVAL COUNTY,,http://www.nt.freerisd.org,,none,not_found
,FRENSHIP ISD | http://www.frenship.us,LUBBOCK COUNTY,,http://www.frenship.us,http://www.frenship.us/apps/pages/index.jsp?uREC_ID=837059&type=d&pREC_ID=1166220,crawl,found
,FRIONA ISD | http://www.frionaisd.com,PARMER COUNTY,,http://www.frionaisd.com,,none,not_found
,FRISCO ISD | http://www.friscoisd.org,COLLIN COUNTY,,http://www.friscoisd.org,http://www.friscoisd.org/staff,path,found
,FROST ISD | http://www.frostisd.org,NAVARRO COUNTY,,http://www.frostisd.org,,none,not_found
,FRUITVALE ISD | http://www.fruitvaleisd.com,VAN ZANDT COUNTY,,http://www.fruitvaleisd.com,http://www.fruitvaleisd.com/page/resources_staff,crawl,found
,FT DAVIS ISD | http://fdisd.com,JEFF DAVIS COUNTY,,http://fdisd.com,http://fdisd.com/staff,path,found
,FT HANCOCK ISD | http://www.forthancockisd.net,HUDSPETH COUNTY,,http://www.forthancockisd.net,,none,not_found
,FT SAM HOUSTON ISD | http://www.fshisd.net,BEXAR COUNTY,,http://www.fshisd.net,,none,not_found
,GAINESVILLE ISD | http://www.gainesvilleisd.org,COOKE COUNTY,,http://www.gainesvilleisd.org,http://www.gainesvilleisd.org/staff-directory,path,found
,GALENA PARK ISD | http://www.galenaparkisd.com,HARRIS COUNTY,,http://www.galenaparkisd.com,http://www.galenaparkisd.com/district-info/gpisd-elections/election-resources-for-staff,crawl,found
,GALVESTON ISD | http://www.galveston-schools.org,GALVESTON COUNTY,,http://www.galveston-schools.org,,none,not_found
,GALVESTON ISD | http://www.gisd.org,GALVESTON COUNTY,,http://www.gisd.org,,none,not_found
,GANADO ISD | http://www.ganadoisd.org,JACKSON COUNTY,,http://www.ganadoisd.org,http://www.ganadoisd.org/about-us/district-staff-directory,crawl,found
,GARLAND ISD | http://www.garlandisd.net,DALLAS COUNTY,,http://www.garlandisd.net,,none,not_found
,GARLAND ISD | http://www.garlandisd.net/armstrong,DALLAS COUNTY,,http://www.garlandisd.net/armstrong,,none,not_found
,GARLAND ISD | http://www.garlandisd.net/austin,DALLAS COUNTY,,http://www.garlandisd.net/austin,http://www.garlandisd.net/austin/staff,crawl,found
,GARLAND ISD | http://www.garlandisd.net/back,DALLAS COUNTY,,http://www.garlandisd.net/back,,none,not_found
,GARLAND ISD | http://www.garlandisd.net/beaver,DALLAS COUNTY,,http://www.garlandisd.net/beaver,,none,not_found
,GARLAND ISD | http://www.garlandisd.net/bradfield,DALLAS COUNTY,,http://www.garlandisd.net/bradfield,http://www.garlandisd.net/bradfield/staff,crawl,found
,GARLAND ISD | http://www.garlandisd.net/brandenburg,DALLAS COUNTY,,http://www.garlandisd.net/brandenburg,http://www.garlandisd.net/brandenburg/staff,crawl,found
,GARLAND ISD | http://www.garlandisd.net/bullock,DALLAS COUNTY,,http://www.garlandisd.net/bullock,http://www.garlandisd.net/bullock/staff,crawl,found
,GARLAND ISD | http://www.garlandisd.net/bussey,DALLAS COUNTY,,http://www.garlandisd.net/bussey,http://www.garlandisd.net/bussey/staff,crawl,found
,GARLAND ISD | http://www.garlandisd.net/caldwell,DALLAS COUNTY,,http://www.garlandisd.net/caldwell,,none,not_found
,GARLAND ISD | http://www.garlandisd.net/carver,DALLAS COUNTY,,http://www.garlandisd.net/carver,,none,not_found
,GARLAND ISD | http://www.garlandisd.net/cisneros,DALLAS COUNTY,,http://www.garlandisd.net/cisneros,,none,not_found
,GARLAND ISD | http://www.garlandisd.net/clubhill,DALLAS COUNTY,,http://www.garlandisd.net/clubhill,,none,not_found
,GARLAND ISD | http://www.garlandisd.net/cooper,DALLAS COUNTY,,http://www.garlandisd.net/cooper,,none,not_found
,GARLAND ISD | http://www.garlandisd.net/couch,DALLAS COUNTY,,http://www.garlandisd.net/couch,,none,not_found
,GARLAND ISD | http://www.garlandisd.net/coyle,DALLAS COUNTY,,http://www.garlandisd.net/coyle,,none,not_found
,GARLAND ISD | http://www.garlandisd.net/daugherty,DALLAS COUNTY,,http://www.garlandisd.net/daugherty,,none,not_found
,GARLAND ISD | http://www.garlandisd.net/davis,DALLAS COUNTY,,http://www.garlandisd.net/davis,,none,not_found
,GARLAND ISD | http://www.garlandisd.net/dorsey,DALLAS COUNTY,,http://www.garlandisd.net/dorsey,,none,not_found
,GARLAND ISD | http://www.garlandisd.net/ethridge,DALLAS COUNTY,,http://www.garlandisd.net/ethridge,,none,not_found
,GARLAND ISD | http://www.garlandisd.net/freeman,DALLAS COUNTY,,http://www.garlandisd.net/freeman,,none,not_found
,GARLAND ISD | http://www.garlandisd.net/gaec,DALLAS COUNTY,,http://www.garlandisd.net/gaec,,none,not_found
,GARLAND ISD | http://www.garlandisd.net/ghs,DALLAS COUNTY,,http://www.garlandisd.net/ghs,http://www.garlandisd.net/ghs/staff,crawl,found
,GARLAND ISD | http://www.garlandisd.net/goldenmeadows,DALLAS COUNTY,,http://www.garlandisd.net/goldenmeadows,http://www.garlandisd.net/goldenmeadows/staff,crawl,found
,GARLAND ISD | http://www.garlandisd.net/handley,DALLAS COUNTY,,http://www.garlandisd.net/handley,,none,not_found
,GARLAND ISD | http://www.garlandisd.net/heatherglen,DALLAS COUNTY,,http://www.garlandisd.net/heatherglen,,none,not_found
,GARLAND ISD | http://www.garlandisd.net/herfurth,DALLAS COUNTY,,http://www.garlandisd.net/herfurth,,none,not_found
,GARLAND ISD | http://www.garlandisd.net/hickman,DALLAS COUNTY,,http://www.garlandisd.net/hickman,,none,not_found
,GARLAND ISD | http://www.garlandisd.net/hillside,DALLAS COUNTY,,http://www.garlandisd.net/hillside,,none,not_found
,GARLAND ISD | http://www.garlandisd.net/hudson,DALLAS COUNTY,,http://www.garlandisd.net/hudson,,none,not_found
,GARLAND ISD | http://www.garlandisd.net/jackson,DALLAS COUNTY,,http://www.garlandisd.net/jackson,,none,not_found
,GARLAND ISD | http://www.garlandisd.net/keeley,DALLAS COUNTY,,http://www.garlandisd.net/keeley,http://www.garlandisd.net/keeley/staff,crawl,found
,GARLAND ISD | http://www.garlandisd.net/kimberlin,DALLAS COUNTY,,http://www.garlandisd.net/kimberlin,,none,not_found
,GARLAND ISD | http://www.garlandisd.net/lchs,DALLAS COUNTY,,http://www.garlandisd.net/lchs,,none,not_found
,GARLAND ISD | http://www.garlandisd.net/libertygrove,DALLAS COUNTY,,http://www.garlandisd.net/libertygrove,,none,not_found
,GARLAND ISD | http://www.garlandisd.net/lister,DALLAS COUNTY,,http://www.garlandisd.net/lister,,none,not_found
,GARLAND ISD | http://www.garlandisd.net/luna,DALLAS COUNTY,,http://www.garlandisd.net/luna,,none,not_found
,GARLAND ISD | http://www.garlandisd.net/lyles,DALLAS COUNTY,,http://www.garlandisd.net/lyles,,none,not_found
,GARLAND ISD | http://www.garlandisd.net/memorial,DALLAS COUNTY,,http://www.garlandisd.net/memorial,,none,not_found
,GARLAND ISD | http://www.garlandisd.net/montclair,DALLAS COUNTY,,http://www.garlandisd.net/montclair,,none,not_found
,GARLAND ISD | http://www.garlandisd.net/nfhs,DALLAS COUNTY,,http://www.garlandisd.net/nfhs,,none,not_found
,GARLAND ISD | http://www.garlandisd.net/nghs,DALLAS COUNTY,,http://www.garlandisd.net/nghs,,none,not_found
,GARLAND ISD | http://www.garlandisd.net/northlake,DALLAS COUNTY,,http://www.garlandisd.net/northlake,,none,not_found
,GARLAND ISD | http://www.garlandisd.net/obanion,DALLAS COUNTY,,http://www.garlandisd.net/obanion,,none,not_found
,GARLAND ISD | http://www.garlandisd.net/parkcrest,DALLAS COUNTY,,http://www.garlandisd.net/parkcrest,,none,not_found
,GARLAND ISD | http://www.garlandisd.net/parsons,DALLAS COUNTY,,http://www.garlandisd.net/parsons,,none,not_found
,GARLAND ISD | http://www.garlandisd.net/pearson,DALLAS COUNTY,,http://www.garlandisd.net/pearson,,none,not_found
,GARLAND ISD | http://www.garlandisd.net/rhs,DALLAS COUNTY,,http://www.garlandisd.net/rhs,,none,not_found
,GARLAND ISD | http://www.garlandisd.net/roach,DALLAS COUNTY,,http://www.garlandisd.net/roach,http://www.garlandisd.net/roach/staff,crawl,found
,GARLAND ISD | http://www.garlandisd.net/schrade,DALLAS COUNTY,,http://www.garlandisd.net/schrade,,none,not_found
,GARLAND ISD | http://www.garlandisd.net/sellers,DALLAS COUNTY,,http://www.garlandisd.net/sellers,http://www.garlandisd.net/sellers/staff,crawl,found
,GARLAND ISD | http://www.garlandisd.net/sewell,DALLAS COUNTY,,http://www.garlandisd.net/sewell,,none,not_found
,GARLAND ISD | http://www.garlandisd.net/sghs,DALLAS COUNTY,,http://www.garlandisd.net/sghs,http://www.garlandisd.net/sghs/staff,crawl,found
,GARLAND ISD | http://www.garlandisd.net/shorehaven,DALLAS COUNTY,,http://www.garlandisd.net/shorehaven,http://www.garlandisd.net/shorehaven/staff,crawl,found
,GARLAND ISD | http://www.garlandisd.net/shs,DALLAS COUNTY,,http://www.garlandisd.net/shs,,none,not_found
,GARLAND ISD | http://www.garlandisd.net/shugart,DALLAS COUNTY,,http://www.garlandisd.net/shugart,http://www.garlandisd.net/shugart/staff,crawl,found
,GARLAND ISD | http://www.garlandisd.net/southgate,DALLAS COUNTY,,http://www.garlandisd.net/southgate,http://www.garlandisd.net/southgate/staff,crawl,found
,GARLAND ISD | http://www.garlandisd.net/springcreek,DALLAS COUNTY,,http://www.garlandisd.net/springcreek,http://www.garlandisd.net/springcreek/staff,crawl,found
,GARLAND ISD | http://www.garlandisd.net/steadham,DALLAS COUNTY,,http://www.garlandisd.net/steadham,http://www.garlandisd.net/steadham/staff,crawl,found
,GARLAND ISD | http://www.garlandisd.net/stephens,DALLAS COUNTY,,http://www.garlandisd.net/stephens,http://www.garlandisd.net/stephens/staff,crawl,found
,GARLAND ISD | http://www.garlandisd.net/toler,DALLAS COUNTY,,http://www.garlandisd.net/toler,http://www.garlandisd.net/toler/staff,crawl,found
,GARLAND ISD | http://www.garlandisd.net/vial,DALLAS COUNTY,,http://www.garlandisd.net/vial,http://www.garlandisd.net/vial/staff,crawl,found
,GARLAND ISD | http://www.garlandisd.net/walnutglen,DALLAS COUNTY,,http://www.garlandisd.net/walnutglen,http://www.garlandisd.net/walnutglen/staff,crawl,found
,GARLAND ISD | http://www.garlandisd.net/watson,DALLAS COUNTY,,http://www.garlandisd.net/watson,http://www.garlandisd.net/watson/staff,crawl,found
,GARLAND ISD | http://www.garlandisd.net/weaver,DALLAS COUNTY,,http://www.garlandisd.net/weaver,,none,not_found
,GARLAND ISD | http://www.garlandisd.net/webb,DALLAS COUNTY,,http://www.garlandisd.net/webb,,none,not_found
,GARLAND ISD | http://www.garlandisd.net/williams,DALLAS COUNTY,,http://www.garlandisd.net/williams,http://www.garlandisd.net/williams/staff,crawl,found
,GARLAND ISD | http://www.garlandisdschools.net/abbett,DALLAS COUNTY,,http://www.garlandisdschools.net/abbett,http://www.garlandisdschools.net/abbett/staff,crawl,found
,GARNER ISD | http://garnerisd.net,PARKER COUNTY,,http://garnerisd.net,,none,not_found
,GARRISON ISD | http://www.garrisonisd.com,NACOGDOCHES COUNTY,,http://www.garrisonisd.com,http://www.garrisonisd.com/staff,path,found
,GARY ISD | http://www.garyisd.org,PANOLA COUNTY,,http://www.garyisd.org,http://www.garyisd.org/staff,path,found
,GATESVILLE ISD | http://el.gatesvilleisd.org,CORYELL COUNTY,,http://el.gatesvilleisd.org,,none,not_found
,GATESVILLE ISD | http://hs.gatesvilleisd.org,CORYELL COUNTY,,http://hs.gatesvilleisd.org,,none,not_found
,GATESVILLE ISD | http://in.gatesvilleisd.org,CORYELL COUNTY,,http://in.gatesvilleisd.org,,none,not_found
,GATESVILLE ISD | http://jh.gatesvilleisd.org,CORYELL COUNTY,,http://jh.gatesvilleisd.org,,none,not_found
,GATESVILLE ISD | http://pr.gatesvilleisd.org,CORYELL COUNTY,,http://pr.gatesvilleisd.org,,none,not_found
,GAUSE ISD | http://www.gauseisd.net,MILAM COUNTY,,http://www.gauseisd.net,,none,not_found
,GEORGE I SANCHEZ CHARTER | http://www.aama.org,HARRIS COUNTY,,http://www.aama.org,http://www.aama.org/apps/pages/index.jsp?uREC_ID=4387487&type=d&pREC_ID=2595696,crawl,found
,GEORGETOWN ISD | http://www.georgetownisd.org,WILLIAMSON COUNTY,,http://www.georgetownisd.org,http://www.georgetownisd.org/directory,path,found
,GEORGETOWN ISD | http://www.georgetownisd.org/benold,WILLIAMSON COUNTY,,http://www.georgetownisd.org/benold,https://www.georgetownisd.org/departments/business-services/staff-directory,crawl,found
,GEORGETOWN ISD | http://www.georgetownisd.org/carver,WILLIAMSON COUNTY,,http://www.georgetownisd.org/carver,http://www.georgetownisd.org/staff-directory,crawl,found
,GEORGETOWN ISD | http://www.georgetownisd.org/cooper,WILLIAMSON COUNTY,,http://www.georgetownisd.org/cooper,https://www.georgetownisd.org/departments/business-services/staff-directory,crawl,found
,GEORGETOWN ISD | http://www.georgetownisd.org/evhs,WILLIAMSON COUNTY,,http://www.georgetownisd.org/evhs,http://www.georgetownisd.org/departments/athletics/athletics-home/athletic-trainers-home/staff,crawl,found
,GEORGETOWN ISD | http://www.georgetownisd.org/forbes,WILLIAMSON COUNTY,,http://www.georgetownisd.org/forbes,https://www.georgetownisd.org/departments/business-services/staff-directory,crawl,found
,GEORGETOWN ISD | http://www.georgetownisd.org/ford,WILLIAMSON COUNTY,,http://www.georgetownisd.org/ford,http://www.georgetownisd.org/staff,crawl,found
,GEORGETOWN ISD | http://www.georgetownisd.org/frost,WILLIAMSON COUNTY,,http://www.georgetownisd.org/frost,http://www.georgetownisd.org/departments/business-services/staff-directory,crawl,found
,GEORGETOWN ISD | http://www.georgetownisd.org/gap,WILLIAMSON COUNTY,,http://www.georgetownisd.org/gap,,none,not_found
,GEORGETOWN ISD | http://www.georgetownisd.org/ghs,WILLIAMSON COUNTY,,http://www.georgetownisd.org/ghs,http://www.georgetownisd.org/school-information/ghs-counseling-team,crawl,found
,GEORGETOWN ISD | http://www.georgetownisd.org/mccoy,WILLIAMSON COUNTY,,http://www.georgetownisd.org/mccoy,https://www.georgetownisd.org/departments/business-services/staff-directory,crawl,found
,GEORGETOWN ISD | http://www.georgetownisd.org/mitchell,WILLIAMSON COUNTY,,http://www.georgetownisd.org/mitchell,https://www.georgetownisd.org/staff/gisd-staff-information,crawl,found
,GEORGETOWN ISD | http://www.georgetownisd.org/pickett,WILLIAMSON COUNTY,,http://www.georgetownisd.org/pickett,,none,not_found
,GEORGETOWN ISD | http://www.georgetownisd.org/purl,WILLIAMSON COUNTY,,http://www.georgetownisd.org/purl,https://www.georgetownisd.org/departments/business-services/staff-directory,crawl,found
,GEORGETOWN ISD | http://www.georgetownisd.org/richarte,WILLIAMSON COUNTY,,http://www.georgetownisd.org/richarte,https://www.georgetownisd.org/departments/business-services/staff-directory,crawl,found
,GEORGETOWN ISD | http://www.georgetownisd.org/tippit,WILLIAMSON COUNTY,,http://www.georgetownisd.org/tippit,http://www.georgetownisd.org/school-information/campus-leadership/jennifer-guidry,crawl,found
,GEORGETOWN ISD | http://www.georgetownisd.org/village,WILLIAMSON COUNTY,,http://www.georgetownisd.org/village,http://www.georgetownisd.org/staff-directory/nurse/about-the-nurse,crawl,found
,GEORGETOWN ISD | http://www.georgetownisd.org/williams,WILLIAMSON COUNTY,,http://www.georgetownisd.org/williams,https://www.georgetownisd.org/staff/gisd-staff-information,crawl,found
,GHOLSON ISD | http://www.gholsonisd.org,MCLENNAN COUNTY,,http://www.gholsonisd.org,,none,not_found
,GIDDINGS ISD | http://www.giddings.txed.net,LEE COUNTY,,http://www.giddings.txed.net,http://www.giddings.txed.net/staff,path,found
,GILMER ISD | http://www.gilmerisd.org/elementary,UPSHUR COUNTY,,http://www.gilmerisd.org/elementary,,none,not_found
,GILMER ISD | http://www.gilmerisd.org/highschool,UPSHUR COUNTY,,http://www.gilmerisd.org/highschool,,none,not_found
,GILMER ISD | http://www.gilmerisd.org/intermediate,UPSHUR COUNTY,,http://www.gilmerisd.org/intermediate,,none,not_found
,GILMER ISD | http://www.gilmerisd.org/juniorhigh,UPSHUR COUNTY,,http://www.gilmerisd.org/juniorhigh,,none,not_found
,GIRLS & BOYS PREPARATORY ACADEMY | http://www.gbprep.com,HARRIS COUNTY,,http://www.gbprep.com,,none,not_found
,GLADEWATER ISD | http://gladewaterisd.com,GREGG COUNTY,,http://gladewaterisd.com,,none,not_found
,GLADEWATER ISD | http://www.gladewaterisd.com,GREGG COUNTY,,http://www.gladewaterisd.com,,none,not_found
,GLASSCOCK COUNTY ISD | http://gckats.net,GLASSCOCK COUNTY,,http://gckats.net,http://gckats.net/staff,path,found
,GLASSCOCK COUNTY ISD | http://www.gckats.net,GLASSCOCK COUNTY,,http://www.gckats.net,http://www.gckats.net/staff,path,found
,GLEN ROSE ISD | http://www.grisd.net,SOMERVELL COUNTY,,http://www.grisd.net,http://www.grisd.net/staff,path,found
,GODLEY ISD | http://www.godleyisd.net,JOHNSON COUNTY,,http://www.godleyisd.net,http://www.godleyisd.net/about/gisd-district-directory,crawl,found
,GOLDTHWAITE ISD | http://www.goldisd.net,MILLS COUNTY,,http://www.goldisd.net,http://www.goldisd.net/staff,path,found
,GOLIAD ISD | http://www.goliadisd.org,GOLIAD COUNTY,,http://www.goliadisd.org,,none,not_found
,GONZALES ISD | http://www.gonzalesisd.net,GONZALES COUNTY,,http://www.gonzalesisd.net,http://www.gonzalesisd.net/departments/band/staff,crawl,found
,GOODRICH ISD | http://www.goodrichisd.net,POLK COUNTY,,http://www.goodrichisd.net,http://www.goodrichisd.net/staff,path,found
,GOOSE CREEK CISD | http://www.gccisd.net,HARRIS COUNTY,,http://www.gccisd.net,http://www.gccisd.net/about-us/staff-directory,path,found
,GORDON ISD | http://www.gordonisd.net,PALO PINTO COUNTY,,http://www.gordonisd.net,http://www.gordonisd.net/staff,path,found
,GORMAN ISD | http://www.gormanisd.net,EASTLAND COUNTY,,http://www.gormanisd.net,http://www.gormanisd.net/apps/staff/,crawl,found
,GRADY ISD | http://grady.tx.schoolwebpages.com,MARTIN COUNTY,,http://grady.tx.schoolwebpages.com,,none,not_found
,GRAFORD ISD | http://www.grafordisd.net,PALO PINTO COUNTY,,http://www.grafordisd.net,,none,not_found
,GRAHAM ISD | http://www.grahamisd.com,YOUNG COUNTY,,http://www.grahamisd.com,,none,not_found
,GRANBURY ISD | http://www.granburyisd.org,HOOD COUNTY,,http://www.granburyisd.org,http://www.granburyisd.org/apps/staff/,crawl,found
,GRAND PRAIRIE ISD | http://adams.gpisd.org,DALLAS COUNTY,,http://adams.gpisd.org,http://adams.gpisd.org/our-faculty-staff,crawl,found
,GRAND PRAIRIE ISD | http://arnold.gpisd.org,DALLAS COUNTY,,http://arnold.gpisd.org,http://arnold.gpisd.org/our-faculty-staff,crawl,found
,GRAND PRAIRIE ISD | http://austin.gpisd.org,DALLAS COUNTY,,http://austin.gpisd.org,http://austin.gpisd.org/faculty-and-staff,crawl,found
,GRAND PRAIRIE ISD | http://bowie.gpisd.org,DALLAS COUNTY,,http://bowie.gpisd.org,http://bowie.gpisd.org/our-faculty-staff,crawl,found
,GRAND PRAIRIE ISD | http://bush.gpisd.org,DALLAS COUNTY,,http://bush.gpisd.org,http://bush.gpisd.org/our-faculty-staff,crawl,found
,GRAND PRAIRIE ISD | http://crosswinds.gpisd.org,DALLAS COUNTY,,http://crosswinds.gpisd.org,http://crosswinds.gpisd.org/our-faculty-staff,crawl,found
,GRAND PRAIRIE ISD | http://daniels.gpisd.org,DALLAS COUNTY,,http://daniels.gpisd.org,http://daniels.gpisd.org/our-faculty-staff,crawl,found
,GRAND PRAIRIE ISD | http://dickinson.gpisd.org,DALLAS COUNTY,,http://dickinson.gpisd.org,http://dickinson.gpisd.org/our-faculty-staff,crawl,found
,GRAND PRAIRIE ISD | http://dubiski.gpisd.org,DALLAS COUNTY,,http://dubiski.gpisd.org,http://dubiski.gpisd.org/our-faculty-staff,crawl,found
,GRAND PRAIRIE ISD | http://eisenhower.gpisd.org,DALLAS COUNTY,,http://eisenhower.gpisd.org,http://eisenhower.gpisd.org/our-faculty-staff,crawl,found
,GRAND PRAIRIE ISD | http://fannin.gpisd.org,DALLAS COUNTY,,http://fannin.gpisd.org,http://fannin.gpisd.org/our-faculty-staff,crawl,found
,GRAND PRAIRIE ISD | http://garcia.gpisd.org,DALLAS COUNTY,,http://garcia.gpisd.org,http://garcia.gpisd.org/our-faculty-staff,crawl,found
,GRAND PRAIRIE ISD | http://garner.gpisd.org,DALLAS COUNTY,,http://garner.gpisd.org,http://garner.gpisd.org/our-faculty-staff,crawl,found
,GRAND PRAIRIE ISD | http://gphs.gpisd.org,DALLAS COUNTY,,http://gphs.gpisd.org,http://gphs.gpisd.org/for-staff,crawl,found
,GRAND PRAIRIE ISD | http://jackson.gpisd.org,DALLAS COUNTY,,http://jackson.gpisd.org,http://jackson.gpisd.org/our-faculty-staff,crawl,found
,GRAND PRAIRIE ISD | http://marshall.gpisd.org,DALLAS COUNTY,,http://marshall.gpisd.org,http://marshall.gpisd.org/our-faculty-staff,crawl,found
,GRAND PRAIRIE ISD | http://moore.gpisd.org,DALLAS COUNTY,,http://moore.gpisd.org,http://moore.gpisd.org/our-faculty-staff,crawl,found
,GRAND PRAIRIE ISD | http://moseley.gpisd.org,DALLAS COUNTY,,http://moseley.gpisd.org,http://moseley.gpisd.org/our-faculty-staff,crawl,found
,GRAND PRAIRIE ISD | http://passlearningcenter.gpsid.org,DALLAS COUNTY,,http://passlearningcenter.gpsid.org,,none,not_found
,GRAND PRAIRIE ISD | http://powell.gpisd.org,DALLAS COUNTY,,http://powell.gpisd.org,http://powell.gpisd.org/our-faculty-staff,crawl,found
,GRAND PRAIRIE ISD | http://rayburn.gpisd.org,DALLAS COUNTY,,http://rayburn.gpisd.org,http://rayburn.gpisd.org/our-faculty-staff,crawl,found
,GRAND PRAIRIE ISD | http://reagan.gpisd.org,DALLAS COUNTY,,http://reagan.gpisd.org,http://reagan.gpisd.org/our-faculty-staff,crawl,found
,GRAND PRAIRIE ISD | http://seguin.gpisd.org,DALLAS COUNTY,,http://seguin.gpisd.org,http://seguin.gpisd.org/our-faculty-staff,crawl,found
,GRAND PRAIRIE ISD | http://sgphs.gpisd.org,DALLAS COUNTY,,http://sgphs.gpisd.org,http://sgphs.gpisd.org/our-faculty-staff,crawl,found
,GRAND PRAIRIE ISD | http://travis.gpisd.org,DALLAS COUNTY,,http://travis.gpisd.org,http://travis.gpisd.org/departments-directory,crawl,found
,GRAND PRAIRIE ISD | http://truman.gpisd.org,DALLAS COUNTY,,http://truman.gpisd.org,http://truman.gpisd.org/our-faculty-staff,crawl,found
,GRAND PRAIRIE ISD | http://whitt.gpisd.org,DALLAS COUNTY,,http://whitt.gpisd.org,http://whitt.gpisd.org/our-faculty-staff,crawl,found
,GRAND PRAIRIE ISD | http://williams.gpisd.org,DALLAS COUNTY,,http://williams.gpisd.org,http://williams.gpisd.org/our-faculty-staff,crawl,found
,GRAND PRAIRIE ISD | http://www.gpisd.org,DALLAS COUNTY,,http://www.gpisd.org,http://www.gpisd.org/departments-directory,crawl,found
,GRAND PRAIRIE ISD | http://zavala.gpisd.org,DALLAS COUNTY,,http://zavala.gpisd.org,http://zavala.gpisd.org/our-faculty-staff,crawl,found
,GRAND SALINE ISD | http://www.grandsalineisd.net,VAN ZANDT COUNTY,,http://www.grandsalineisd.net,http://www.grandsalineisd.net/page/dis.adminstaff,crawl,found
,GRAND SALINE ISD | http://www.vzcjpd.com,VAN ZANDT COUNTY,,http://www.vzcjpd.com,,none,not_found
,GRANDFALLS-ROYALTY ISD | http://www.grisd.com,WARD COUNTY,,http://www.grisd.com,http://www.grisd.com/staff,path,found
,GRANDVIEW ISD | http://gvisd.org,JOHNSON COUNTY,,http://gvisd.org,,none,not_found
,GRANDVIEW ISD | http://www.gvisd.org,JOHNSON COUNTY,,http://www.gvisd.org,,none,not_found
,GRANDVIEW-HOPKINS ISD | http://www.gvhisd.net,GRAY COUNTY,,http://www.gvhisd.net,http://www.gvhisd.net/staff,path,found
,GRANGER ISD | http://www.esc13.net/granger,WILLIAMSON COUNTY,,http://www.esc13.net/granger,,none,not_found
,GRANGER ISD | http://www.grangerisd.net,WILLIAMSON COUNTY,,http://www.grangerisd.net,http://www.grangerisd.net/staff,path,found
,GRAPE CREEK ISD | http://www.grapecreekisd.net,TOM GREEN COUNTY,,http://www.grapecreekisd.net,http://www.grapecreekisd.net/apps/staff/,crawl,found
,GRAPE CREEK ISD | http://www.grapecreekisd.net/Domain/117,TOM GREEN COUNTY,,http://www.grapecreekisd.net/Domain/117,,none,not_found
,GRAPE CREEK ISD | http://www.grapecreekisd.net/Domain/159,TOM GREEN COUNTY,,http://www.grapecreekisd.net/Domain/159,,none,not_found
,GRAPE CREEK ISD | http://www.grapecreekisd.net/Domain/55,TOM GREEN COUNTY,,http://www.grapecreekisd.net/Domain/55,,none,not_found
,GRAPELAND ISD | http://www.grapelandisd.net,HOUSTON COUNTY,,http://www.grapelandisd.net,,none,not_found
,GRAPEVINE-COLLEYVILLE ISD | http://www.gcisd-k12.org,TARRANT COUNTY,,http://www.gcisd-k12.org,,none,not_found
,GREAT HEARTS TEXAS | http://www.greatheartstx.org,BEXAR COUNTY,,http://www.greatheartstx.org,,none,not_found
,GREENVILLE ISD | http://www.greenvilleisd.com,HUNT COUNTY,,http://www.greenvilleisd.com,http://www.greenvilleisd.com/staff,path,found
,GREENWOOD ISD | http://www.greenwood.esc18.net,MIDLAND COUNTY,,http://www.greenwood.esc18.net,,none,not_found
,GREGORY-PORTLAND ISD | http://www.g-pisd.org,SAN PATRICIO COUNTY,,http://www.g-pisd.org,http://www.g-pisd.org/staff,path,found
,GROESBECK ISD | http://groesbeck1.gabbartllc.com,LIMESTONE COUNTY,,http://groesbeck1.gabbartllc.com,http://groesbeck1.gabbartllc.com/8511_1,crawl,found
,GROESBECK ISD | http://www.groesbeckisd.net,LIMESTONE COUNTY,,http://www.groesbeckisd.net,http://www.groesbeckisd.net/staff,path,found
,GROOM ISD | http://www.groomisd.net,CARSON COUNTY,,http://www.groomisd.net,http://www.groomisd.net/staff,path,found
,GROVETON ISD | http://www.grovetonisd.net,TRINITY COUNTY,,http://www.grovetonisd.net,http://www.grovetonisd.net/staff,path,found
,GRUVER ISD | http://gruverisd.net,HANSFORD COUNTY,,http://gruverisd.net,,none,not_found
,GUNTER ISD | http://www.gunterisd.org,GRAYSON COUNTY,,http://www.gunterisd.org,http://www.gunterisd.org/staff,path,found
,GUSTINE ISD | http://www.gustine.esc14.net,COMANCHE COUNTY,,http://www.gustine.esc14.net,,none,not_found
,GUTHRIE CSD | http://www.guthriecsd.net,KING COUNTY,,http://www.guthriecsd.net,,none,not_found
,HALE CENTER ISD | http://www.hcisdowls.net,HALE COUNTY,,http://www.hcisdowls.net,,none,not_found
,HALLETTSVILLE ISD | http://www.hisdbrahmas.org,LAVACA COUNTY,,http://www.hisdbrahmas.org,,none,not_found
,HALLSBURG ISD | http://hallsburgisd.net,MCLENNAN COUNTY,,http://hallsburgisd.net,,none,not_found
,HALLSBURG ISD | http://www.hallsburgisd.com,MCLENNAN COUNTY,,http://www.hallsburgisd.com,,none,not_found
,HALLSVILLE ISD | http://hisd.com,HARRISON COUNTY,,http://hisd.com,,none,not_found
,HALLSVILLE ISD | http://www.hisd.com,HARRISON COUNTY,,http://www.hisd.com,,none,not_found
,HAMILTON ISD | http://www.hamiltonisd.org,HAMILTON COUNTY,,http://www.hamiltonisd.org,http://www.hamiltonisd.org/staff,path,found
,HAMLIN ISD | http://www.hamlin.esc14.net,JONES COUNTY,,http://www.hamlin.esc14.net,http://www.hamlin.esc14.net/district-info/staff-directory,crawl,found
,HAMSHIRE-FANNETT ISD | http://www.hfisd.net,JEFFERSON COUNTY,,http://www.hfisd.net,http://www.hfisd.net/staff-directory,path,found
,HAPPY ISD | http://www.happyisd.net,SWISHER COUNTY,,http://www.happyisd.net,,none,not_found
,HARDIN ISD | http://www.hardinisd.net,LIBERTY COUNTY,,http://www.hardinisd.net,,none,not_found
,HARDIN-JEFFERSON ISD | http://www.hjisd.net,HARDIN COUNTY,,http://www.hjisd.net,http://www.hjisd.net/about-us/board-of-trustees/board-directory,crawl,found
,HARLANDALE ISD | http://www.harlandale.net,BEXAR COUNTY,,http://www.harlandale.net,https://www.harlandale.net/page/staff,crawl,found
,HARLETON ISD | http://harletonisd.net,HARRISON COUNTY,,http://harletonisd.net,,none,not_found
,HARLINGEN CISD | http://www.hcisd.org,CAMERON COUNTY,,http://www.hcisd.org,,none,not_found
,HARLINGEN CISD | http://www.hcisd.org/Page/845,CAMERON COUNTY,,http://www.hcisd.org/Page/845,,none,not_found
,HARLINGEN CISD | http://www.hcisd.org/austin,CAMERON COUNTY,,http://www.hcisd.org/austin,,none,not_found
,HARLINGEN CISD | http://www.hcisd.org/bonham,CAMERON COUNTY,,http://www.hcisd.org/bonham,,none,not_found
,HARLINGEN CISD | http://www.hcisd.org/bowie,CAMERON COUNTY,,http://www.hcisd.org/bowie,,none,not_found
,HARLINGEN CISD | http://www.hcisd.org/coakley,CAMERON COUNTY,,http://www.hcisd.org/coakley,,none,not_found
,HARLINGEN CISD | http://www.hcisd.org/crockett,CAMERON COUNTY,,http://www.hcisd.org/crockett,,none,not_found
,HARLINGEN CISD | http://www.hcisd.org/dishman,CAMERON COUNTY,,http://www.hcisd.org/dishman,,none,not_found
,HARLINGEN CISD | http://www.hcisd.org/drcanoacademy,CAMERON COUNTY,,http://www.hcisd.org/drcanoacademy,,none,not_found
,HARLINGEN CISD | http://www.hcisd.org/echs,CAMERON COUNTY,,http://www.hcisd.org/echs,,none,not_found
,HARLINGEN CISD | http://www.hcisd.org/gutierrez,CAMERON COUNTY,,http://www.hcisd.org/gutierrez,,none,not_found
,HARLINGEN CISD | http://www.hcisd.org/healthschool,CAMERON COUNTY,,http://www.hcisd.org/healthschool,,none,not_found
,HARLINGEN CISD | http://www.hcisd.org/hhs,CAMERON COUNTY,,http://www.hcisd.org/hhs,,none,not_found
,HARLINGEN CISD | http://www.hcisd.org/houston,CAMERON COUNTY,,http://www.hcisd.org/houston,,none,not_found
,HARLINGEN CISD | http://www.hcisd.org/jefferson,CAMERON COUNTY,,http://www.hcisd.org/jefferson,,none,not_found
,HARLINGEN CISD | http://www.hcisd.org/keys,CAMERON COUNTY,,http://www.hcisd.org/keys,,none,not_found
,HARLINGEN CISD | http://www.hcisd.org/lamar,CAMERON COUNTY,,http://www.hcisd.org/lamar,,none,not_found
,HARLINGEN CISD | http://www.hcisd.org/long,CAMERON COUNTY,,http://www.hcisd.org/long,,none,not_found
,HARLINGEN CISD | http://www.hcisd.org/means,CAMERON COUNTY,,http://www.hcisd.org/means,,none,not_found
,HARLINGEN CISD | http://www.hcisd.org/memorial,CAMERON COUNTY,,http://www.hcisd.org/memorial,,none,not_found
,HARLINGEN CISD | http://www.hcisd.org/milam,CAMERON COUNTY,,http://www.hcisd.org/milam,,none,not_found
,HARLINGEN CISD | http://www.hcisd.org/rodriguez,CAMERON COUNTY,,http://www.hcisd.org/rodriguez,,none,not_found
,HARLINGEN CISD | http://www.hcisd.org/sac,CAMERON COUNTY,,http://www.hcisd.org/sac,,none,not_found
,HARLINGEN CISD | http://www.hcisd.org/south,CAMERON COUNTY,,http://www.hcisd.org/south,,none,not_found
,HARLINGEN CISD | http://www.hcisd.org/stuart,CAMERON COUNTY,,http://www.hcisd.org/stuart,,none,not_found
,HARLINGEN CISD | http://www.hcisd.org/travis,CAMERON COUNTY,,http://www.hcisd.org/travis,,none,not_found
,HARLINGEN CISD | http://www.hcisd.org/treasure,CAMERON COUNTY,,http://www.hcisd.org/treasure,,none,not_found
,HARLINGEN CISD | http://www.hcisd.org/vela,CAMERON COUNTY,,http://www.hcisd.org/vela,,none,not_found
,HARLINGEN CISD | http://www.hcisd.org/vernon,CAMERON COUNTY,,http://www.hcisd.org/vernon,,none,not_found
,HARLINGEN CISD | http://www.hcisd.org/wilson,CAMERON COUNTY,,http://www.hcisd.org/wilson,,none,not_found
,HARLINGEN CISD | http://www.hcisd.org/zavala,CAMERON COUNTY,,http://www.hcisd.org/zavala,,none,not_found
,HARMONY SCHOOL OF EXCELLENCE | http://www.hsehouston.org,HARRIS COUNTY,,http://www.hsehouston.org,,none,not_found
,HARMONY SCHOOL OF SCIENCE - HOUSTON | http://www.hsshouston.org,HARRIS COUNTY,,http://www.hsshouston.org,,none,not_found
,HARMONY SCIENCE ACAD (EL PASO) | http://www.harmonytx.org,EL PASO COUNTY,,http://www.harmonytx.org,http://www.harmonytx.org/directory,path,found
,HARMONY SCIENCE ACAD (SAN ANTONIO) | http://www.hsasa.org,BEXAR COUNTY,,http://www.hsasa.org,,none,not_found
,HARMONY SCIENCE ACAD (WACO) | http://www.hsaeuless.org,MCLENNAN COUNTY,,http://www.hsaeuless.org,https://hsaeuless.org/contact-us/,crawl,found
,HARMONY SCIENCE ACADEMY (AUSTIN) | http://www.hsaaustin.org,TRAVIS COUNTY,,http://www.hsaaustin.org,,none,not_found
,HARMONY SCIENCE ACADEMY (AUSTIN) | http://www.hseaustin.org,TRAVIS COUNTY,,http://www.hseaustin.org,,none,not_found
,HARMONY SCIENCE ACADEMY (AUSTIN) | http://www.hspaustin.org,TRAVIS COUNTY,,http://www.hspaustin.org,,none,not_found
,HARMONY SCIENCE ACADEMY (AUSTIN) | http://www.hssaustin.org,TRAVIS COUNTY,,http://www.hssaustin.org,,none,not_found
,HARRIS COUNTY DEPT OF ED | http://www.hcde-texas.org,HARRIS COUNTY,,http://www.hcde-texas.org,http://www.hcde-texas.org/directory,path,found
,HARROLD ISD | http://www.harroldisd.net,WILBARGER COUNTY,,http://www.harroldisd.net,http://www.harroldisd.net/staff,path,found
,HART ISD | http://www.hartisd.net,CASTRO COUNTY,,http://www.hartisd.net,http://www.hartisd.net/staff,path,found
,HARTLEY ISD | http://www.hartleyisd.net,HARTLEY COUNTY,,http://www.hartleyisd.net,,none,not_found
,HARTS BLUFF ISD | http://www.hbisd.net,TITUS COUNTY,,http://www.hbisd.net,,none,not_found
,HASKELL CISD | http://www.haskell.esc14.net,HASKELL COUNTY,,http://www.haskell.esc14.net,http://www.haskell.esc14.net/page/Staff_Directory,crawl,found
,HAWKINS ISD | http://www.hawkinsisd.org,WOOD COUNTY,,http://www.hawkinsisd.org,,none,not_found
,HAYS CISD | http://www.hayscisd.net,HAYS COUNTY,,http://www.hayscisd.net,http://www.hayscisd.net/directory,path,found
,HEDLEY ISD | http://www.hedleyisd.net,DONLEY COUNTY,,http://www.hedleyisd.net,http://www.hedleyisd.net/staff,path,found
,HEMPHILL ISD | http://www.hemphillisd.net,SABINE COUNTY,,http://www.hemphillisd.net,http://www.hemphillisd.net/page/faculty-and-staff-landing,crawl,found
,HEMPSTEAD ISD | http://www.hempsteadisd.org,WALLER COUNTY,,http://www.hempsteadisd.org,http://www.hempsteadisd.org/staff,path,found
,HENDERSON ISD | http://hendersonisd.org,RUSK COUNTY,,http://hendersonisd.org,http://hendersonisd.org/staff,path,found
,HENRIETTA ISD | http://www.henrietta-isd.net,CLAY COUNTY,,http://www.henrietta-isd.net,http://www.henrietta-isd.net/staff,path,found
,HENRY FORD ACADEMY ALAMEDA SCHOOL FOR ART + DESIGN | http://www.thealamedaschool.org,BEXAR COUNTY,,http://www.thealamedaschool.org,http://www.thealamedaschool.org/staff,path,found
,HEREFORD ISD | http://www.herefordisd.net,DEAF SMITH COUNTY,,http://www.herefordisd.net,http://www.herefordisd.net/staff,path,found
,HERMLEIGH ISD | http://www.hermleigh.esc14.net,SCURRY COUNTY,,http://www.hermleigh.esc14.net,http://www.hermleigh.esc14.net/page/staff1,crawl,found
,HICO ISD | http://www.hico-isd.net,HAMILTON COUNTY,,http://www.hico-isd.net,http://www.hico-isd.net/apps/staff/,crawl,found
,HIDALGO ISD | http://hechs.hidalgo-isd.org,HIDALGO COUNTY,,http://hechs.hidalgo-isd.org,https://hidalgo-isd.org/apps/staff/,crawl,found
,HIDALGO ISD | http://hidalgo.schoolspan.com/school/hidalgoaca,HIDALGO COUNTY,,http://hidalgo.schoolspan.com/school/hidalgoaca,,none,not_found
,HIDALGO ISD | http://kelly.hidalgo-isd.org,HIDALGO COUNTY,,http://kelly.hidalgo-isd.org,https://hidalgo-isd.org/apps/staff/,crawl,found
,HIDALGO ISD | http://park.hidalgo-isd.org,HIDALGO COUNTY,,http://park.hidalgo-isd.org,https://hidalgo-isd.org/apps/staff/,crawl,found
,HIDALGO ISD | http://salinas.hidalgo-isd.org,HIDALGO COUNTY,,http://salinas.hidalgo-isd.org,http://salinas.hidalgo-isd.org/apps/staff/,crawl,found
,HIGH ISLAND ISD | http://www.highislandisd.com,GALVESTON COUNTY,,http://www.highislandisd.com,http://www.highislandisd.com/staff,path,found
,HIGHLAND ISD | http://www.highland.esc14.net,NOLAN COUNTY,,http://www.highland.esc14.net,http://www.highland.esc14.net/staff,path,found
,HIGHLAND PARK ISD | http://www.hpisd.net,POTTER COUNTY,,http://www.hpisd.net,http://www.hpisd.net/staff,path,found
,HIGHLAND PARK ISD | http://www.hpisd.org,DALLAS COUNTY,,http://www.hpisd.org,http://www.hpisd.org/staff-directory,path,found
,HILLSBORO ISD | http://www.hillsboroisd.org,HILL COUNTY,,http://www.hillsboroisd.org,http://www.hillsboroisd.org/staff,path,found
,HITCHCOCK ISD | http://www.hitchcockisd.org,GALVESTON COUNTY,,http://www.hitchcockisd.org,http://www.hitchcockisd.org/main-district/contact-us,crawl,found
,HOLLIDAY ISD | http://www.hollidayisd.net,ARCHER COUNTY,,http://www.hollidayisd.net,,none,not_found
,HONDO ISD | http://www.hondoisd.net,MEDINA COUNTY,,http://www.hondoisd.net,http://www.hondoisd.net/apps/staff/,crawl,found
,HONEY GROVE ISD | http://honeygroveisd.net,FANNIN COUNTY,,http://honeygroveisd.net,,none,not_found
,HOOKS ISD | http://hooksisd.net,BOWIE COUNTY,,http://hooksisd.net,http://hooksisd.net/page/staff,crawl,found
,HOUSTON HEIGHTS LEARNING ACADEMY INC | http://www.heightslearning.org,HARRIS COUNTY,,http://www.heightslearning.org,,none,not_found
,HOUSTON ISD | http://schools.houstonisd.org/YWCPA,HARRIS COUNTY,,http://schools.houstonisd.org/YWCPA,,none,not_found
,HOUSTON ISD | http://www.houstonid.org,HARRIS COUNTY,,http://www.houstonid.org,,none,not_found
,HOUSTON ISD | http://www.houstonisd.org,HARRIS COUNTY,,http://www.houstonisd.org,http://www.houstonisd.org/directory,path,found
,HOUSTON ISD | http://www.ymcpa.org,HARRIS COUNTY,,http://www.ymcpa.org,,none,not_found
,HOWE ISD | http://www.howeisd.net,GRAYSON COUNTY,,http://www.howeisd.net,http://www.howeisd.net/staff,path,found
,HUBBARD ISD | http://hubbardisd.net,BOWIE COUNTY,,http://hubbardisd.net,,none,not_found
,HUBBARD ISD | http://www.hubbardisd.com,HILL COUNTY,,http://www.hubbardisd.com,https://www.hubbardisd.com/apps/staff/departmental.jsp?show=TDE,crawl,found
,HUCKABAY ISD | http://www.hisd.us,ERATH COUNTY,,http://www.hisd.us,,none,not_found
,HUDSON ISD | http://www.hudsonisd.org,ANGELINA COUNTY,,http://www.hudsonisd.org,,none,not_found
,HUFFMAN ISD | http://www.huffmanisd.net,HARRIS COUNTY,,http://www.huffmanisd.net,http://www.huffmanisd.net/staff-directory,path,found
,HUGHES SPRINGS ISD | http://www.hsisd.net,CASS COUNTY,,http://www.hsisd.net,,none,not_found
,HULL-DAISETTA ISD | http://www.hdisd.net,LIBERTY COUNTY,,http://www.hdisd.net,,none,not_found
,HUMBLE ISD | http://www.humble.k12.tx.us,HARRIS COUNTY,,http://www.humble.k12.tx.us,,none,not_found
,HUMBLE ISD | http://www.humbleisd.net/ahs,HARRIS COUNTY,,http://www.humbleisd.net/ahs,,none,not_found
,HUMBLE ISD | http://www.humbleisd.net/ams,HARRIS COUNTY,,http://www.humbleisd.net/ams,,none,not_found
,HUMBLE ISD | http://www.humbleisd.net/ase,HARRIS COUNTY,,http://www.humbleisd.net/ase,,none,not_found
,HUMBLE ISD | http://www.humbleisd.net/bbe,HARRIS COUNTY,,http://www.humbleisd.net/bbe,,none,not_found
,HUMBLE ISD | http://www.humbleisd.net/cms,HARRIS COUNTY,,http://www.humbleisd.net/cms,,none,not_found
,HUMBLE ISD | http://www.humbleisd.net/dwe,HARRIS COUNTY,,http://www.humbleisd.net/dwe,,none,not_found
,HUMBLE ISD | http://www.humbleisd.net/ege,HARRIS COUNTY,,http://www.humbleisd.net/ege,,none,not_found
,HUMBLE ISD | http://www.humbleisd.net/ese,HARRIS COUNTY,,http://www.humbleisd.net/ese,,none,not_found
,HUMBLE ISD | http://www.humbleisd.net/fce,HARRIS COUNTY,,http://www.humbleisd.net/fce,,none,not_found
,HUMBLE ISD | http://www.humbleisd.net/fe,HARRIS COUNTY,,http://www.humbleisd.net/fe,,none,not_found
,HUMBLE ISD | http://www.humbleisd.net/gte,HARRIS COUNTY,,http://www.humbleisd.net/gte,,none,not_found
,HUMBLE ISD | http://www.humbleisd.net/he,HARRIS COUNTY,,http://www.humbleisd.net/he,,none,not_found
,HUMBLE ISD | http://www.humbleisd.net/hhe,HARRIS COUNTY,,http://www.humbleisd.net/hhe,,none,not_found
,HUMBLE ISD | http://www.humbleisd.net/hhs,HARRIS COUNTY,,http://www.humbleisd.net/hhs,,none,not_found
,HUMBLE ISD | http://www.humbleisd.net/hms,HARRIS COUNTY,,http://www.humbleisd.net/hms,,none,not_found
,HUMBLE ISD | http://www.humbleisd.net/jfe,HARRIS COUNTY,,http://www.humbleisd.net/jfe,,none,not_found
,HUMBLE ISD | http://www.humbleisd.net/khs,HARRIS COUNTY,,http://www.humbleisd.net/khs,,none,not_found
,HUMBLE ISD | http://www.humbleisd.net/kms,HARRIS COUNTY,,http://www.humbleisd.net/kms,,none,not_found
,HUMBLE ISD | http://www.humbleisd.net/kphs,HARRIS COUNTY,,http://www.humbleisd.net/kphs,,none,not_found
,HUMBLE ISD | http://www.humbleisd.net/le,HARRIS COUNTY,,http://www.humbleisd.net/le,,none,not_found
,HUMBLE ISD | http://www.humbleisd.net/lse,HARRIS COUNTY,,http://www.humbleisd.net/lse,,none,not_found
,HUMBLE ISD | http://www.humbleisd.net/mbe,HARRIS COUNTY,,http://www.humbleisd.net/mbe,,none,not_found
,HUMBLE ISD | http://www.humbleisd.net/nbe,HARRIS COUNTY,,http://www.humbleisd.net/nbe,,none,not_found
,HUMBLE ISD | http://www.humbleisd.net/oe,HARRIS COUNTY,,http://www.humbleisd.net/oe,,none,not_found
,HUMBLE ISD | http://www.humbleisd.net/ofe,HARRIS COUNTY,,http://www.humbleisd.net/ofe,,none,not_found
,HUMBLE ISD | http://www.humbleisd.net/pfe,HARRIS COUNTY,,http://www.humbleisd.net/pfe,,none,not_found
,HUMBLE ISD | http://www.humbleisd.net/ple,HARRIS COUNTY,,http://www.humbleisd.net/ple,,none,not_found
,HUMBLE ISD | http://www.humbleisd.net/qhs,HARRIS COUNTY,,http://www.humbleisd.net/qhs,,none,not_found
,HUMBLE ISD | http://www.humbleisd.net/rms,HARRIS COUNTY,,http://www.humbleisd.net/rms,,none,not_found
,HUMBLE ISD | http://www.humbleisd.net/rpe,HARRIS COUNTY,,http://www.humbleisd.net/rpe,,none,not_found
,HUMBLE ISD | http://www.humbleisd.net/schs,HARRIS COUNTY,,http://www.humbleisd.net/schs,,none,not_found
,HUMBLE ISD | http://www.humbleisd.net/sfe,HARRIS COUNTY,,http://www.humbleisd.net/sfe,,none,not_found
,HUMBLE ISD | http://www.humbleisd.net/sms,HARRIS COUNTY,,http://www.humbleisd.net/sms,,none,not_found
,HUMBLE ISD | http://www.humbleisd.net/swe,HARRIS COUNTY,,http://www.humbleisd.net/swe,,none,not_found
,HUMBLE ISD | http://www.humbleisd.net/te,HARRIS COUNTY,,http://www.humbleisd.net/te,,none,not_found
,HUMBLE ISD | http://www.humbleisd.net/tms,HARRIS COUNTY,,http://www.humbleisd.net/tms,,none,not_found
,HUMBLE ISD | http://www.humbleisd.net/wce,HARRIS COUNTY,,http://www.humbleisd.net/wce,,none,not_found
,HUMBLE ISD | http://www.humbleisd.net/whe,HARRIS COUNTY,,http://www.humbleisd.net/whe,,none,not_found
,HUMBLE ISD | http://www.humbleisd.net/wms,HARRIS COUNTY,,http://www.humbleisd.net/wms,,none,not_found
,HUMBLE ISD | http://www.humbleisd.net/wpe,HARRIS COUNTY,,http://www.humbleisd.net/wpe,,none,not_found
,HUNT ISD | http://www.huntisd.com,KERR COUNTY,,http://www.huntisd.com,,none,not_found
,HUNTINGTON ISD | http://www.huntingtonisd.com,ANGELINA COUNTY,,http://www.huntingtonisd.com,http://www.huntingtonisd.com/district/administrative_staff,crawl,found
,HUNTSVILLE ISD | http://www.huntsville-isd.org,WALKER COUNTY,,http://www.huntsville-isd.org,http://www.huntsville-isd.org/staff,path,found
,HURST-EULESS-BEDFORD ISD | http://www.hebisd.edu,TARRANT COUNTY,,http://www.hebisd.edu,http://www.hebisd.edu/departments/accountability-assessment/accountability-assessment-directory,crawl,found
,HUTTO ISD | http://www.hipponation.org,WILLIAMSON COUNTY,,http://www.hipponation.org,http://www.hipponation.org/staff,path,found
,IDALOU ISD | http://www.idalouisd.net,LUBBOCK COUNTY,,http://www.idalouisd.net,,none,not_found
,IDEA PUBLIC SCHOOLS | http://www.ideapublicschools.org,HIDALGO COUNTY,,http://www.ideapublicschools.org,https://ideapublicschools.org/alumni/alumni-success-team/,crawl,found
,IDEA PUBLIC SCHOOLS | http://www.ideapublicschools.org/Carver,HIDALGO COUNTY,,http://www.ideapublicschools.org/Carver,,none,not_found
,IDEA PUBLIC SCHOOLS | http://www.ideapublicschools.org/Edinburg,HIDALGO COUNTY,,http://www.ideapublicschools.org/Edinburg,,none,not_found
,IDEA PUBLIC SCHOOLS | http://www.ideapublicschools.org/McAllen,HIDALGO COUNTY,,http://www.ideapublicschools.org/McAllen,,none,not_found
,IDEA PUBLIC SCHOOLS | http://www.ideapublicschools.org/Mission,HIDALGO COUNTY,,http://www.ideapublicschools.org/Mission,,none,not_found
,IDEA PUBLIC SCHOOLS | http://www.ideapublicschools.org/Pharr,HIDALGO COUNTY,,http://www.ideapublicschools.org/Pharr,,none,not_found
,IDEA PUBLIC SCHOOLS | http://www.ideapublicschools.org/Quest,HIDALGO COUNTY,,http://www.ideapublicschools.org/Quest,,none,not_found
,IDEA PUBLIC SCHOOLS | http://www.ideapublicschools.org/SanJuan,HIDALGO COUNTY,,http://www.ideapublicschools.org/SanJuan,,none,not_found
,IDEA PUBLIC SCHOOLS | http://www.ideapublicschools.org/SouthFlores,HIDALGO COUNTY,,http://www.ideapublicschools.org/SouthFlores,,none,not_found
,IMAGINE INTERNATIONAL ACADEMY OF NORTH TEXAS | http://imaginenorthtexas.org,COLLIN COUNTY,,http://imaginenorthtexas.org,,none,not_found
,INDUSTRIAL ISD | http://www.iisd1.org,JACKSON COUNTY,,http://www.iisd1.org,,none,not_found
,INGLESIDE ISD | http://www.inglesideisd.org,SAN PATRICIO COUNTY,,http://www.inglesideisd.org,http://www.inglesideisd.org/staff,path,found
,INGRAM ISD | http://www.ingramisd.net,KERR COUNTY,,http://www.ingramisd.net,http://www.ingramisd.net/staff,crawl,found
,IOLA ISD | http://www.iolaisd.net,GRIMES COUNTY,,http://www.iolaisd.net,http://www.iolaisd.net/district-directory,crawl,found
,IOWA PARK CISD | http://www.ipcisd.net,WICHITA COUNTY,,http://www.ipcisd.net,http://www.ipcisd.net/staff,path,found
,IRA ISD | http://www.ira.esc14.net,SCURRY COUNTY,,http://www.ira.esc14.net,,none,not_found
,IRAAN-SHEFFIELD ISD | http://isisd.net,PECOS COUNTY,,http://isisd.net,http://isisd.net/apps/pages/index.jsp?uREC_ID=2623643&type=d,crawl,found
,IREDELL ISD | http://www.iredell-isd.com,BOSQUE COUNTY,,http://www.iredell-isd.com,http://www.iredell-isd.com/staff,path,found
,IRION COUNTY ISD | http://www.irion-isd.org,IRION COUNTY,,http://www.irion-isd.org,,none,not_found
,IRVING ISD | http://www.irvingisd.net,DALLAS COUNTY,,http://www.irvingisd.net,https://staff.irvingisd.net/resources/board-item-requests,crawl,found
,IRVING ISD | http://www.macards.com,DALLAS COUNTY,,http://www.macards.com,,none,not_found
,ITALY ISD | http://www.italyisd.org,ELLIS COUNTY,,http://www.italyisd.org,http://www.italyisd.org/staff,path,found
,ITASCA ISD | http://www.itascaisd.org,HILL COUNTY,,http://www.itascaisd.org,http://www.itascaisd.org/staff,path,found
,JACKSBORO ISD | http://www.jacksboroisd.net,JACK COUNTY,,http://www.jacksboroisd.net,http://www.jacksboroisd.net/staff,path,found
,JARRELL ISD | http://www.jarrellisd.org,WILLIAMSON COUNTY,,http://www.jarrellisd.org,http://www.jarrellisd.org/staff-resources/staff-resources,crawl,found
,JASPER ISD | http://www.jasperisd.net,JASPER COUNTY,,http://www.jasperisd.net,,none,not_found
,JAYTON-GIRARD ISD | http://www.jaytonjaybirds.com,KENT COUNTY,,http://www.jaytonjaybirds.com,http://www.jaytonjaybirds.com/staff,path,found
,JEAN MASSIEU ACADEMY | http://www.jeanmassieu.com,DALLAS COUNTY,,http://www.jeanmassieu.com,http://www.jeanmassieu.com/district-information/staff-contact-info,crawl,found
,JEFFERSON ISD | http://www.jeffersonisd.org,MARION COUNTY,,http://www.jeffersonisd.org,,none,not_found
,JIM NED CISD | http://www.jimned.esc14.net,TAYLOR COUNTY,,http://www.jimned.esc14.net,http://www.jimned.esc14.net/page/human_resources,crawl,found
,JOAQUIN ISD | http://www.joaquinisd.net,SHELBY COUNTY,,http://www.joaquinisd.net,http://www.joaquinisd.net/staff,path,found
,JOHNSON CITY ISD | http://johnsoncity.tx.schoolwebpages.com,BLANCO COUNTY,,http://johnsoncity.tx.schoolwebpages.com,,none,not_found
,JONESBORO ISD | http://www.jonesboroisd.net,CORYELL COUNTY,,http://www.jonesboroisd.net,http://www.jonesboroisd.net/staff,path,found
,JOSHUA ISD | http://www.joshuaisd.org,JOHNSON COUNTY,,http://www.joshuaisd.org,http://www.joshuaisd.org/departments/career-technical-education/staff-directory,crawl,found
,JOURDANTON ISD | http://www.jourdantonisd.net,ATASCOSA COUNTY,,http://www.jourdantonisd.net,http://www.jourdantonisd.net/staff,path,found
,JUBILEE ACADEMIC CENTER | http://www.jubileeacademiccenter.com,BEXAR COUNTY,,http://www.jubileeacademiccenter.com,,none,not_found
,JUDSON ISD | http://www.judsonisd.org,BEXAR COUNTY,,http://www.judsonisd.org,http://www.judsonisd.org/staff,crawl,found
,JUNCTION ISD | http://www.junctionisd.net,KIMBLE COUNTY,,http://www.junctionisd.net,http://www.junctionisd.net/faculty-staff,path,found
,KARNACK ISD | http://www.karnackisd.org,HARRISON COUNTY,,http://www.karnackisd.org,https://www.karnackisd.org/apps/staff/,crawl,found
,KARNES CITY ISD | http://www.kcisd.net,KARNES COUNTY,,http://www.kcisd.net,http://www.kcisd.net/athletics/coaching-staff-directory,crawl,found
,KATHERINE ANNE PORTER SCHOOL | http://www.kapschool.org,HAYS COUNTY,,http://www.kapschool.org,http://www.kapschool.org/faculty,path,found
,KATY ISD | http://www.katyisd.org,HARRIS COUNTY,,http://www.katyisd.org,http://www.katyisd.org/careers/human-resources/home/directory,crawl,found
,KAUFMAN ISD | http://kaufmanisd.net,KAUFMAN COUNTY,,http://kaufmanisd.net,http://kaufmanisd.net/staff,path,found
,KEENE ISD | http://www.keeneisd.org,JOHNSON COUNTY,,http://www.keeneisd.org,http://www.keeneisd.org/directory,path,found
,KELLER ISD | http://www.kellerisd.net,TARRANT COUNTY,,http://www.kellerisd.net,http://www.kellerisd.net/staffdirectory,path,found
,KELTON ISD | http://www.keltonisd.com,WHEELER COUNTY,,http://www.keltonisd.com,,none,not_found
,KENEDY COUNTY WIDE CSD | http://saritaschool.net,KENEDY COUNTY,,http://saritaschool.net,,none,not_found
,KENNARD ISD | http://kennardisd.net,HOUSTON COUNTY,,http://kennardisd.net,http://kennardisd.net/staff,path,found
,KENNEDALE ISD | http://www.kennedaleisd.net,TARRANT COUNTY,,http://www.kennedaleisd.net,http://www.kennedaleisd.net/about-us/contact-us/staff-directory,crawl,found
,KENNEDALE ISD | http://www.kennedaleisd.net/Domain/232,TARRANT COUNTY,,http://www.kennedaleisd.net/Domain/232,,none,not_found
,KENNEDALE ISD | http://www.kennedaleisd.net/Domain/321,TARRANT COUNTY,,http://www.kennedaleisd.net/Domain/321,,none,not_found
,KENNEDALE ISD | http://www.kennedaleisd.net/Domain/407,TARRANT COUNTY,,http://www.kennedaleisd.net/Domain/407,,none,not_found
,KENNEDALE ISD | http://www.kennedaleisd.net/Domain/478,TARRANT COUNTY,,http://www.kennedaleisd.net/Domain/478,,none,not_found
,KENNEDALE ISD | http://www.kennedaleisd.net/Domain/71,TARRANT COUNTY,,http://www.kennedaleisd.net/Domain/71,,none,not_found
,KERRVILLE ISD | http://www.kerrvilleisd.net,KERR COUNTY,,http://www.kerrvilleisd.net,http://www.kerrvilleisd.net/our-district/administration,crawl,found
,KILGORE ISD | http://www.kisd.org,GREGG COUNTY,,http://www.kisd.org,http://www.kisd.org/our-district/departmental-directory,crawl,found
,KILLEEN ISD | http://www.killeenisd.org,BELL COUNTY,,http://www.killeenisd.org,http://www.killeenisd.org/staffdirectory,path,found
,KINGSVILLE ISD | http://www.kingsvilleisd.com,KLEBERG COUNTY,,http://www.kingsvilleisd.com,https://www.kingsvilleisd.com/apps/staff/,crawl,found
,KIPP AUSTIN PUBLIC SCHOOLS INC | http://www.kippaustin.org,TRAVIS COUNTY,,http://www.kippaustin.org,,none,not_found
,KIPP DALLAS-FORT WORTH | http://www.KIPPdfw.org,DALLAS COUNTY,,http://www.KIPPdfw.org,,none,not_found
,KIPP INC CHARTER | http://www.kipphouston.org,HARRIS COUNTY,,http://www.kipphouston.org,,none,not_found
,KIPP SAN ANTONIO | http://www.kippsa.org,BEXAR COUNTY,,http://www.kippsa.org,,none,not_found
,KIRBYVILLE CISD | http://kirbyvillecisd.org,JASPER COUNTY,,http://kirbyvillecisd.org,http://kirbyvillecisd.org/district/staff-directory-1,crawl,found
,KIRBYVILLE CISD | http://www.kirbyvillecisd.org,JASPER COUNTY,,http://www.kirbyvillecisd.org,http://www.kirbyvillecisd.org/district/staff-directory-1,crawl,found
,KLEIN ISD | http://www.kleinisd.net,HARRIS COUNTY,,http://www.kleinisd.net,http://www.kleinisd.net/staff-directory,path,found
,KLONDIKE ISD | http://klondike.esc17.net,DAWSON COUNTY,,http://klondike.esc17.net,,none,not_found
,KNIPPA ISD | http://www.knippaisd.net,UVALDE COUNTY,,http://www.knippaisd.net,http://www.knippaisd.net/about-us/staff-directory,crawl,found
,KNOX CITY-O'BRIEN CISD | http://www.knoxcityschools.net,KNOX COUNTY,,http://www.knoxcityschools.net,http://www.knoxcityschools.net/vnews/display.v/StaffDirectory,crawl,found
,KOPPERL ISD | http://www.kopperlisd.org,BOSQUE COUNTY,,http://www.kopperlisd.org,,none,not_found
,KOUNTZE ISD | http://www.kountzeisd.org,HARDIN COUNTY,,http://www.kountzeisd.org,,none,not_found
,KRESS ISD | http://www.kressonline.net,SWISHER COUNTY,,http://www.kressonline.net,,none,not_found
,KRUM ISD | http://www.krumisd.net,DENTON COUNTY,,http://www.krumisd.net,http://www.krumisd.net/directory,path,found
,LA ACADEMIA DE ESTRELLAS | http://www.academiadeestrellas.org,DALLAS COUNTY,,http://www.academiadeestrellas.org,,none,not_found
,LA FERIA ISD | http://www.laferiaisd.org,CAMERON COUNTY,,http://www.laferiaisd.org,http://www.laferiaisd.org/our_district/administrative_staff,crawl,found
,LA GLORIA ISD | http://lagloriaisd.esc2.net,JIM WELLS COUNTY,,http://lagloriaisd.esc2.net,http://lagloriaisd.esc2.net/staff,crawl,found
,LA GRANGE ISD | http://www.lgisd.net,FAYETTE COUNTY,,http://www.lgisd.net,http://www.lgisd.net/staff,path,found
,LA JOYA ISD | http://www.lajoyaisd.com,HIDALGO COUNTY,,http://www.lajoyaisd.com,,none,not_found
,LA MARQUE ISD | http://www.lmisd.net,GALVESTON COUNTY,,http://www.lmisd.net,,none,not_found
,LA PORTE ISD | http://www.lpisd.org,HARRIS COUNTY,,http://www.lpisd.org,,none,not_found
,LA PRYOR ISD | http://www.lapryor.net/school_home.aspx?schoolID=2,ZAVALA COUNTY,,http://www.lapryor.net/school_home.aspx?schoolID=2,,none,not_found
,LA PRYOR ISD | http://www.lapryor.net/school_home.aspx?schoolid=1,ZAVALA COUNTY,,http://www.lapryor.net/school_home.aspx?schoolid=1,,none,not_found
,LA VEGA ISD | http://www.lavegaisd.org,MCLENNAN COUNTY,,http://www.lavegaisd.org,http://www.lavegaisd.org/about/staff-directory,path,found
,LA VERNIA ISD | http://www.lvisd.org,WILSON COUNTY,,http://www.lvisd.org,http://www.lvisd.org/staff,path,found
,LA VERNIA ISD | http://www.lvschools.net,WILSON COUNTY,,http://www.lvschools.net,,none,not_found
,LA VILLA ISD | http://lavillaisd.org,HIDALGO COUNTY,,http://lavillaisd.org,http://lavillaisd.org/staff,path,found
,LA VILLA ISD | http://www.lavillaisd.org,HIDALGO COUNTY,,http://www.lavillaisd.org,http://www.lavillaisd.org/staff,path,found
,LACKLAND ISD | http://www.lacklandisd.net,BEXAR COUNTY,,http://www.lacklandisd.net,,none,not_found
,LAGO VISTA ISD | http://www.lagovistaisd.net,TRAVIS COUNTY,,http://www.lagovistaisd.net,http://www.lagovistaisd.net/page/dis.admin.staff,crawl,found
,LAKE DALLAS ISD | http://ldisd.net,DENTON COUNTY,,http://ldisd.net,http://ldisd.net/about-us/administrative-leadership,crawl,found
,LAKE DALLAS ISD | http://www.ldisd.net,DENTON COUNTY,,http://www.ldisd.net,http://www.ldisd.net/about-us/administrative-leadership,crawl,found
,LAKE TRAVIS ISD | http://www.ltisdschools.org,TRAVIS COUNTY,,http://www.ltisdschools.org,http://www.ltisdschools.org/staff-directory,path,found
,LAKE WORTH ISD | http://www.lwisd.org,TARRANT COUNTY,,http://www.lwisd.org,http://www.lwisd.org/about-lwisd/contact-us/lwisd-staff-directory,crawl,found
,LAKE WORTH ISD | http://wwwlwisd.org,TARRANT COUNTY,,http://wwwlwisd.org,,none,not_found
,LAMAR CISD | http://www.lcisd.org,FORT BEND COUNTY,,http://www.lcisd.org,,none,not_found
,LAMESA ISD | http://www.lamesa.esc17.net,DAWSON COUNTY,,http://www.lamesa.esc17.net,http://www.lamesa.esc17.net/staff,path,found
,LAMPASAS ISD | http://www.lampasas.k12.tx.us,LAMPASAS COUNTY,,http://www.lampasas.k12.tx.us,,none,not_found
,LANCASTER ISD | http://www.lancasterisd.org,DALLAS COUNTY,,http://www.lancasterisd.org,http://www.lancasterisd.org/staff,path,found
,LANEVILLE ISD | http://lanevilleisd.org,RUSK COUNTY,,http://lanevilleisd.org,,none,not_found
,LAPOYNOR ISD | http://www.lapoynorisd.net,HENDERSON COUNTY,,http://www.lapoynorisd.net,,none,not_found
,LAREDO ISD | http://www.laredoisd.org,WEBB COUNTY,,http://www.laredoisd.org,,none,not_found
,LASARA ISD | http://www.lasaraisd.net,WILLACY COUNTY,,http://www.lasaraisd.net,http://www.lasaraisd.net/staff,path,found
,LATEXO ISD | http://www.latexoisd.net,HOUSTON COUNTY,,http://www.latexoisd.net,http://www.latexoisd.net/staff,path,found
,LAZBUDDIE ISD | http://lazbuddieisd.org,PARMER COUNTY,,http://lazbuddieisd.org,,none,not_found
,LEADERSHIP PREP SCHOOL | http://www.lpsfrisco.com,DENTON COUNTY,,http://www.lpsfrisco.com,http://www.lpsfrisco.com/current-families/staff-directory,crawl,found
,LEAKEY ISD | http://www.leakeyisd.org,REAL COUNTY,,http://www.leakeyisd.org,http://www.leakeyisd.org/staff,path,found
,LEANDER ISD | http://www.leanderisd.org,WILLIAMSON COUNTY,,http://www.leanderisd.org,https://www.leanderisd.org/staffdirectory/,crawl,found
,LEARY ISD | http://www.learyisd.net,BOWIE COUNTY,,http://www.learyisd.net,,none,not_found
,LEFORS ISD | http://www.leforsisd.net,GRAY COUNTY,,http://www.leforsisd.net,http://www.leforsisd.net/staff,path,found
,LEGACY PREPARATORY | http://www.legacypca.com,DALLAS COUNTY,,http://www.legacypca.com,,none,not_found
,LEGGETT ISD | http://www.leggettisd.net,POLK COUNTY,,http://www.leggettisd.net,http://www.leggettisd.net/staff,path,found
,LEON ISD | http://www.leonisd.net,LEON COUNTY,,http://www.leonisd.net,http://www.leonisd.net/apps/staff/,crawl,found
,LEONARD ISD | http://www.leonardisd.net,FANNIN COUNTY,,http://www.leonardisd.net,http://www.leonardisd.net/page/landing.staff,crawl,found
,LEVELLAND ISD | http://www.levellandisd.net,HOCKLEY COUNTY,,http://www.levellandisd.net,,none,not_found
,LEVERETTS CHAPEL ISD | http://leverettschapelisd.net,RUSK COUNTY,,http://leverettschapelisd.net,http://leverettschapelisd.net/apps/staff/,crawl,found
,LEVERETTS CHAPEL ISD | http://www.leverettschapelisd.net,RUSK COUNTY,,http://www.leverettschapelisd.net,http://www.leverettschapelisd.net/apps/staff/,crawl,found
,LEWISVILLE ISD | http://www.lisd.net,DENTON COUNTY,,http://www.lisd.net,http://www.lisd.net/resources/staff,crawl,found
,LIBERTY HILL ISD | http://www.libertyhill.txed.net,WILLIAMSON COUNTY,,http://www.libertyhill.txed.net,,none,not_found
,LIBERTY ISD | http://www.libertyisd.net,LIBERTY COUNTY,,http://www.libertyisd.net,,none,not_found
,LIBERTY-EYLAU ISD | http://www.leisd.net,BOWIE COUNTY,,http://www.leisd.net,,none,not_found
,LIFE SCHOOL | http://www.lifeschool.net,DALLAS COUNTY,,http://www.lifeschool.net,http://www.lifeschool.net/staff-extranet,crawl,found
,LIFE SCHOOL | http://www.lifeschools.net,DALLAS COUNTY,,http://www.lifeschools.net,http://www.lifeschools.net/staff-extranet,crawl,found
,LINDALE ISD | http://www.lisdeagles.net,SMITH COUNTY,,http://www.lisdeagles.net,,none,not_found
,LINDEN-KILDARE CISD | http://lkcisd.net,CASS COUNTY,,http://lkcisd.net,,none,not_found
,LINDSAY ISD | http://www.lindsayisd.org,COOKE COUNTY,,http://www.lindsayisd.org,,none,not_found
,LINGLEVILLE ISD | http://www.lingleville.us,ERATH COUNTY,,http://www.lingleville.us,http://www.lingleville.us/staff,path,found
,LIPAN ISD | http://www.lipanindians.net,HOOD COUNTY,,http://www.lipanindians.net,http://www.lipanindians.net/vnews/display.v/StaffDirectory,crawl,found
,LITTLE CYPRESS-MAURICEVILLE CISD | http://www.lcmcisd.org,ORANGE COUNTY,,http://www.lcmcisd.org,,none,not_found
,LITTLE ELM ISD | http://www.littleelmisd.net,DENTON COUNTY,,http://www.littleelmisd.net,http://www.littleelmisd.net/directory,path,found
,LIVINGSTON ISD | http://www.livingstonisd.com,POLK COUNTY,,http://www.livingstonisd.com,,none,not_found
,LLANO ISD | http://www.llanoisd.org,LLANO COUNTY,,http://www.llanoisd.org,http://www.llanoisd.org/apps/staff/,crawl,found
,LOCKHART ISD | http://www.lockhartisd.org,CALDWELL COUNTY,,http://www.lockhartisd.org,,none,not_found
,LOCKNEY ISD | http://www.lockneyisd.net,FLOYD COUNTY,,http://www.lockneyisd.net,http://www.lockneyisd.net/staff,path,found
,LOHN ISD | http://www.lohnisd.net,MCCULLOCH COUNTY,,http://www.lohnisd.net,http://www.lohnisd.net/staffdirectory,crawl,found
,LONDON ISD | http://www.londonisd.net,NUECES COUNTY,,http://www.londonisd.net,http://www.londonisd.net/departments/human-resources/employee-handbook-and-policies,crawl,found
,LONE OAK ISD | http://www.loisd.net,HUNT COUNTY,,http://www.loisd.net,,none,not_found
,LONGVIEW ISD | http://www.lisd.org,GREGG COUNTY,,http://www.lisd.org,,none,not_found
,LOOP ISD | http://www.loopisd.net,GAINES COUNTY,,http://www.loopisd.net,http://www.loopisd.net/staff,path,found
,LORAINE ISD | http://www.esc14.net/loraineisd,MITCHELL COUNTY,,http://www.esc14.net/loraineisd,,none,not_found
,LORENA ISD | http://www.lorenaisd.net,MCLENNAN COUNTY,,http://www.lorenaisd.net,http://www.lorenaisd.net/apps/staff/,crawl,found
,LORENZO ISD | http://168.49.33.2,CROSBY COUNTY,,http://168.49.33.2,,none,not_found
,LORENZO ISD | http://www.lorenzoisd.net,CROSBY COUNTY,,http://www.lorenzoisd.net,,none,not_found
,LOS FRESNOS CISD | http://www.lfcisd.net,CAMERON COUNTY,,http://www.lfcisd.net,http://www.lfcisd.net/apps/staff/,crawl,found
,LOS FRESNOS CISD | http://www.lfcisd.net/lasyescaselem/site/defaul,CAMERON COUNTY,,http://www.lfcisd.net/lasyescaselem/site/defaul,,none,not_found
,LOS FRESNOS CISD | http://www.lfcisd.net/laureleselem/site/default,CAMERON COUNTY,,http://www.lfcisd.net/laureleselem/site/default,,none,not_found
,LOS FRESNOS CISD | http://www.lfcisd.net/libertymemorialms/site/de,CAMERON COUNTY,,http://www.lfcisd.net/libertymemorialms/site/de,,none,not_found
,LOS FRESNOS CISD | http://www.lfcisd.net/lopez-rigginselem/site/de,CAMERON COUNTY,,http://www.lfcisd.net/lopez-rigginselem/site/de,,none,not_found
,LOS FRESNOS CISD | http://www.lfcisd.net/loscuatesms/site/default.,CAMERON COUNTY,,http://www.lfcisd.net/loscuatesms/site/default.,,none,not_found
,LOS FRESNOS CISD | http://www.lfcisd.net/losfresnoselem/site/defau,CAMERON COUNTY,,http://www.lfcisd.net/losfresnoselem/site/defau,,none,not_found
,LOS FRESNOS CISD | http://www.lfcisd.net/losfresnoshs/site/default,CAMERON COUNTY,,http://www.lfcisd.net/losfresnoshs/site/default,,none,not_found
,LOS FRESNOS CISD | http://www.lfcisd.net/losfresnosunited/site/def,CAMERON COUNTY,,http://www.lfcisd.net/losfresnosunited/site/def,,none,not_found
,LOS FRESNOS CISD | http://www.lfcisd.net/olmitoelem/site/default.a,CAMERON COUNTY,,http://www.lfcisd.net/olmitoelem/site/default.a,,none,not_found
,LOS FRESNOS CISD | http://www.lfcisd.net/palmer-laaksoelem/site/de,CAMERON COUNTY,,http://www.lfcisd.net/palmer-laaksoelem/site/de,,none,not_found
,LOS FRESNOS CISD | http://www.lfcisd.net/ranchoverdeelem/site/defa,CAMERON COUNTY,,http://www.lfcisd.net/ranchoverdeelem/site/defa,,none,not_found
,LOS FRESNOS CISD | http://www.lfcisd.net/resacams/site/default.asp,CAMERON COUNTY,,http://www.lfcisd.net/resacams/site/default.asp,,none,not_found
,LOS FRESNOS CISD | http://www.lfcisd.net/villarealelem/site/defaul,CAMERON COUNTY,,http://www.lfcisd.net/villarealelem/site/defaul,,none,not_found
,LOUISE ISD | http://www.louiseisd.net,WHARTON COUNTY,,http://www.louiseisd.net,http://www.louiseisd.net/faculty,crawl,found
,LOUISE ISD | http://ykc.com/lisd,WHARTON COUNTY,,http://ykc.com/lisd,,none,not_found
,LOVEJOY ISD | http://www.lovejoyisd.net,COLLIN COUNTY,,http://www.lovejoyisd.net,http://www.lovejoyisd.net/staff,path,found
,LOVELADY ISD | http://www.loveladyisd.net,HOUSTON COUNTY,,http://www.loveladyisd.net,,none,not_found
,LUBBOCK ISD | http://www.lubbockisd.org,LUBBOCK COUNTY,,http://www.lubbockisd.org,http://www.lubbockisd.org/staff,path,found
,LUBBOCK-COOPER ISD | http://www.lcisd.net,LUBBOCK COUNTY,,http://www.lcisd.net,http://www.lcisd.net/staff,path,found
,LUEDERS-AVOCA ISD | http://www.laisd.esc14.net,JONES COUNTY,,http://www.laisd.esc14.net,http://www.laisd.esc14.net/staff,path,found
,LUFKIN ISD | http://www.lufkinisd.org,ANGELINA COUNTY,,http://www.lufkinisd.org,http://www.lufkinisd.org/staff,path,found
,LULING ISD | http://luling.txed.net,CALDWELL COUNTY,,http://luling.txed.net,http://luling.txed.net/staff,path,found
,LULING ISD | http://www.luling.txed.net,CALDWELL COUNTY,,http://www.luling.txed.net,http://www.luling.txed.net/staff,path,found
,LYFORD CISD | http://www.lyfordcisd.net,WILLACY COUNTY,,http://www.lyfordcisd.net,http://www.lyfordcisd.net/staff,path,found
,LYTLE ISD | http://lytleisd.squarespace.com,ATASCOSA COUNTY,,http://lytleisd.squarespace.com,,none,not_found
,MABANK ISD | http://www.mabankisd.net,KAUFMAN COUNTY,,http://www.mabankisd.net,http://www.mabankisd.net/page/dis.administration,crawl,found
,MADISONVILLE CISD | http://www.madisonvillecisd.org,MADISON COUNTY,,http://www.madisonvillecisd.org,,none,not_found
,MAGNOLIA ISD | http://alpha.magnoliaisd.org,MONTGOMERY COUNTY,,http://alpha.magnoliaisd.org,http://alpha.magnoliaisd.org/about/staff-directory,crawl,found
,MAGNOLIA ISD | http://bbes.magnoliaisd.org,MONTGOMERY COUNTY,,http://bbes.magnoliaisd.org,http://bbes.magnoliaisd.org/about/staff-directory,crawl,found
,MAGNOLIA ISD | http://bbjh.magnoliaisd.org,MONTGOMERY COUNTY,,http://bbjh.magnoliaisd.org,http://bbjh.magnoliaisd.org/about/staff-directory,crawl,found
,MAGNOLIA ISD | http://daep.magnoliaisd.org,MONTGOMERY COUNTY,,http://daep.magnoliaisd.org,http://daep.magnoliaisd.org/staff,crawl,found
,MAGNOLIA ISD | http://ees.magnoliaisd.org,MONTGOMERY COUNTY,,http://ees.magnoliaisd.org,http://ees.magnoliaisd.org/about/staff-directory,crawl,found
,MAGNOLIA ISD | http://les.magnoliaisd.org,MONTGOMERY COUNTY,,http://les.magnoliaisd.org,http://les.magnoliaisd.org/about/staff-directory,crawl,found
,MAGNOLIA ISD | http://mes.magnoliaisd.org,MONTGOMERY COUNTY,,http://mes.magnoliaisd.org,http://mes.magnoliaisd.org/about/staff-directory,crawl,found
,MAGNOLIA ISD | http://mhs.magnoliaisd.org,MONTGOMERY COUNTY,,http://mhs.magnoliaisd.org,http://mhs.magnoliaisd.org/about/staff-directory,crawl,found
,MAGNOLIA ISD | http://mpes.magnoliaisd.org,MONTGOMERY COUNTY,,http://mpes.magnoliaisd.org,http://mpes.magnoliaisd.org/about/staff-directory,crawl,found
,MAGNOLIA ISD | http://mwhs.magnoliaisd.org,MONTGOMERY COUNTY,,http://mwhs.magnoliaisd.org,http://mwhs.magnoliaisd.org/about/staff-directory,crawl,found
,MAGNOLIA ISD | http://nse.magnoliaisd.org,MONTGOMERY COUNTY,,http://nse.magnoliaisd.org,http://nse.magnoliaisd.org/about/staff-directory,crawl,found
,MAGNOLIA ISD | http://ses.magnoliaisd.org,MONTGOMERY COUNTY,,http://ses.magnoliaisd.org,http://ses.magnoliaisd.org/about/staff-directory,crawl,found
,MAGNOLIA ISD | http://wes.magnoliaisd.org,MONTGOMERY COUNTY,,http://wes.magnoliaisd.org,http://wes.magnoliaisd.org/about/staff-directory,crawl,found
,MAGNOLIA ISD | http://www.magnoliaisd.org,MONTGOMERY COUNTY,,http://www.magnoliaisd.org,http://www.magnoliaisd.org/departments/athletics/staff,crawl,found
,MALAKOFF ISD | http://www.malakoffisd.org,HENDERSON COUNTY,,http://www.malakoffisd.org,,none,not_found
,MALONE ISD | http://www.maloneisd.org,HILL COUNTY,,http://www.maloneisd.org,,none,not_found
,MALTA ISD | http://www.maltaisd.net,BOWIE COUNTY,,http://www.maltaisd.net,http://www.maltaisd.net/staff,path,found
,MANARA ACADEMY | http://www.manaraacademy.org,DALLAS COUNTY,,http://www.manaraacademy.org,http://www.manaraacademy.org/staff,path,found
,MANOR ISD | http://www.manorisd.net,TRAVIS COUNTY,,http://www.manorisd.net,http://www.manorisd.net/directory,path,found
,MANSFIELD ISD | http://lakeridge.mansfieldisd.org,TARRANT COUNTY,,http://lakeridge.mansfieldisd.org,http://lakeridge.mansfieldisd.org/our-staff,crawl,found
,MANSFIELD ISD | http://www.mansfieldisd.org,TARRANT COUNTY,,http://www.mansfieldisd.org,http://www.mansfieldisd.org/student-central/school-directory,crawl,found
,MARBLE FALLS ISD | http://www.mfisd.txed.net,BURNET COUNTY,,http://www.mfisd.txed.net,,none,not_found
,MARFA ISD | http://www.marfaisd.com,PRESIDIO COUNTY,,http://www.marfaisd.com,http://www.marfaisd.com/staff,path,found
,MARLIN ISD | http://www.marlinisd.org,FALLS COUNTY,,http://www.marlinisd.org,http://www.marlinisd.org/our-district/staff-directory,crawl,found
,MARSHALL ISD | http://www.marshallisd.com,HARRISON COUNTY,,http://www.marshallisd.com,http://www.marshallisd.com/staff,path,found
,MART ISD | http://www.martisd.org,MCLENNAN COUNTY,,http://www.martisd.org,http://www.martisd.org/staff,path,found
,MARTINS MILL ISD | http://mabankisd.net,VAN ZANDT COUNTY,,http://mabankisd.net,http://mabankisd.net/page/dis.administration,crawl,found
,MARTINS MILL ISD | http://www.martinsmillisd.net,VAN ZANDT COUNTY,,http://www.martinsmillisd.net,,none,not_found
,MARTINSVILLE ISD | http://www.martinsvilleisd.com,NACOGDOCHES COUNTY,,http://www.martinsvilleisd.com,http://www.martinsvilleisd.com/staff,path,found
,MASON ISD | http://masonisd.net,MASON COUNTY,,http://masonisd.net,,none,not_found
,MATAGORDA ISD | http://www.matagordaisd.org,MATAGORDA COUNTY,,http://www.matagordaisd.org,,none,not_found
,MATHIS ISD | http://www.mathisisd.org,SAN PATRICIO COUNTY,,http://www.mathisisd.org,http://www.mathisisd.org/district-information/district-directory,crawl,found
,MAUD ISD | http://www.maudisd.net,BOWIE COUNTY,,http://www.maudisd.net,,none,not_found
,MAY ISD | http://mayisd.com,BROWN COUNTY,,http://mayisd.com,http://mayisd.com/staff,path,found
,MAYPEARL ISD | http://www.maypearlisd.org,ELLIS COUNTY,,http://www.maypearlisd.org,http://www.maypearlisd.org/about-our-district/staff-directory,crawl,found
,MCALLEN ISD | http://alvarez.mcallenisd.org,HIDALGO COUNTY,,http://alvarez.mcallenisd.org,http://alvarez.mcallenisd.org/staff,path,found
,MCALLEN ISD | http://bonham.mcallenisd.org,HIDALGO COUNTY,,http://bonham.mcallenisd.org,http://bonham.mcallenisd.org/staff,path,found
,MCALLEN ISD | http://brown.mcallenisd.org,HIDALGO COUNTY,,http://brown.mcallenisd.org,http://brown.mcallenisd.org/staff,path,found
,MCALLEN ISD | http://castaneda.mcallenisd.org,HIDALGO COUNTY,,http://castaneda.mcallenisd.org,http://castaneda.mcallenisd.org/staff,path,found
,MCALLEN ISD | http://cathey.mcallenisd.org,HIDALGO COUNTY,,http://cathey.mcallenisd.org,http://cathey.mcallenisd.org/staff,path,found
,MCALLEN ISD | http://deleon.mcallenisd.org,HIDALGO COUNTY,,http://deleon.mcallenisd.org,http://deleon.mcallenisd.org/staff,path,found
,MCALLEN ISD | http://fields.mcallenisd.org,HIDALGO COUNTY,,http://fields.mcallenisd.org,http://fields.mcallenisd.org/staff,path,found
,MCALLEN ISD | http://garza.mcallenisd.org,HIDALGO COUNTY,,http://garza.mcallenisd.org,http://garza.mcallenisd.org/staff,path,found
,MCALLEN ISD | http://gonzalez.mcallenisd.org,HIDALGO COUNTY,,http://gonzalez.mcallenisd.org,http://gonzalez.mcallenisd.org/staff,path,found
,MCALLEN ISD | http://houston.mcallenisd.org,HIDALGO COUNTY,,http://houston.mcallenisd.org,http://houston.mcallenisd.org/staff,path,found
,MCALLEN ISD | http://ig.mcallenisd.org,HIDALGO COUNTY,,http://ig.mcallenisd.org,http://ig.mcallenisd.org/staff,path,found
,MCALLEN ISD | http://jackson.mcallenisd.org,HIDALGO COUNTY,,http://jackson.mcallenisd.org,http://jackson.mcallenisd.org/staff,path,found
,MCALLEN ISD | http://lincoln.mcallenisd.org,HIDALGO COUNTY,,http://lincoln.mcallenisd.org,,none,not_found
,MCALLEN ISD | http://mcauliffe.mcallenisd.org,HIDALGO COUNTY,,http://mcauliffe.mcallenisd.org,http://mcauliffe.mcallenisd.org/staff,path,found
,MCALLEN ISD | http://memorial.mcallenisd.org,HIDALGO COUNTY,,http://memorial.mcallenisd.org,http://memorial.mcallenisd.org/staff,path,found
,MCALLEN ISD | http://milam.mcallenisd.org,HIDALGO COUNTY,,http://milam.mcallenisd.org,http://milam.mcallenisd.org/staff,path,found
,MCALLEN ISD | http://morris.mcallenisd.org,HIDALGO COUNTY,,http://morris.mcallenisd.org,http://morris.mcallenisd.org/staff,path,found
,MCALLEN ISD | http://navarro.mcallenisd.org,HIDALGO COUNTY,,http://navarro.mcallenisd.org,http://navarro.mcallenisd.org/staff,path,found
,MCALLEN ISD | http://rayburn.mcallenisd.org,HIDALGO COUNTY,,http://rayburn.mcallenisd.org,http://rayburn.mcallenisd.org/staff,path,found
,MCALLEN ISD | http://roosevelt.mcallenisd.org,HIDALGO COUNTY,,http://roosevelt.mcallenisd.org,http://roosevelt.mcallenisd.org/staff,path,found
,MCALLEN ISD | http://rowe.mcallenisd.org,HIDALGO COUNTY,,http://rowe.mcallenisd.org,http://rowe.mcallenisd.org/staff,path,found
,MCALLEN ISD | http://seguin.mcallenisd.org,HIDALGO COUNTY,,http://seguin.mcallenisd.org,http://seguin.mcallenisd.org/staff,path,found
,MCALLEN ISD | http://travis.mcallenisd.org,HIDALGO COUNTY,,http://travis.mcallenisd.org,http://travis.mcallenisd.org/staff,path,found
,MCALLEN ISD | http://wilson.mcallenisd.org,HIDALGO COUNTY,,http://wilson.mcallenisd.org,http://wilson.mcallenisd.org/staff,path,found
,MCALLEN ISD | http://www.mcallenisd.org,HIDALGO COUNTY,,http://www.mcallenisd.org,http://www.mcallenisd.org/staff,path,found
,MCCAMEY ISD | http://www.mcisd.esc18.net,UPTON COUNTY,,http://www.mcisd.esc18.net,http://www.mcisd.esc18.net/staff,path,found
,MCDADE ISD | http://www.mcdadeisd.net,BASTROP COUNTY,,http://www.mcdadeisd.net,http://www.mcdadeisd.net/page/staff-resources,crawl,found
,MCGREGOR ISD | http://mcgregor-isd.org,MCLENNAN COUNTY,,http://mcgregor-isd.org,,none,not_found
,MCGREGOR ISD | http://www.mcgregor-isd.org,MCLENNAN COUNTY,,http://www.mcgregor-isd.org,,none,not_found
,MCKINNEY ISD | http://www.mckinneyisd.net,COLLIN COUNTY,,http://www.mckinneyisd.net,http://www.mckinneyisd.net/staff,path,found
,MCLEAN ISD | http://McLeanisd.com,GRAY COUNTY,,http://McLeanisd.com,,none,not_found
,MCLEOD ISD | http://www.mcleodisd.net,CASS COUNTY,,http://www.mcleodisd.net,,none,not_found
,MCMULLEN COUNTY ISD | http://www.mcisd.us,MCMULLEN COUNTY,,http://www.mcisd.us,,none,not_found
,MEADOW ISD | http://meadowisd.net,TERRY COUNTY,,http://meadowisd.net,http://meadowisd.net/staff,path,found
,MEADOWLAND CHARTER SCHOOL | http://www.mlcs.org,KENDALL COUNTY,,http://www.mlcs.org,http://www.mlcs.org/Faculty-Portal,crawl,found
,MEDINA ISD | http://www.medinaisd.org,BANDERA COUNTY,,http://www.medinaisd.org,,none,not_found
,MEDINA VALLEY ISD | http://www.mvisd.com,MEDINA COUNTY,,http://www.mvisd.com,,none,not_found
,MELISSA ISD | http://www.melissaisd.org,COLLIN COUNTY,,http://www.melissaisd.org,http://www.melissaisd.org/staff,path,found
,MEMPHIS ISD | http://www.memphisisd.net,HALL COUNTY,,http://www.memphisisd.net,,none,not_found
,MENARD ISD | http://www.menardisd.net,MENARD COUNTY,,http://www.menardisd.net,http://www.menardisd.net/staff,path,found
,MERCEDES ISD | http://www.misdtx.net,HIDALGO COUNTY,,http://www.misdtx.net,,none,not_found
,MERIDIAN ISD | http://www.meridianisd.org,BOSQUE COUNTY,,http://www.meridianisd.org,http://www.meridianisd.org/staff,path,found
,MERIDIAN WORLD SCHOOL LLC | http://www.mwschool.org,WILLIAMSON COUNTY,,http://www.mwschool.org,http://www.mwschool.org/apps/staff/,crawl,found
,MESQUITE ISD | http://www.mesquiteisd.org,DALLAS COUNTY,,http://www.mesquiteisd.org,,none,not_found
,MEYERSVILLE ISD | http://www.meyersvilleisd.org,DEWITT COUNTY,,http://www.meyersvilleisd.org,,none,not_found
,MIAMI ISD | http://www.miamiisd.net,ROBERTS COUNTY,,http://www.miamiisd.net,,none,not_found
,MIDLAND ISD | http://www.midlandisd.net,MIDLAND COUNTY,,http://www.midlandisd.net,http://www.midlandisd.net/about-us/strategic-plan/grow-develop-staff,crawl,found
,MIDLAND ISD | http://www.midlandisd.net/Domain/2240,MIDLAND COUNTY,,http://www.midlandisd.net/Domain/2240,,none,not_found
,MIDLAND ISD | http://www.midlandisd.net/Domain/2484,MIDLAND COUNTY,,http://www.midlandisd.net/Domain/2484,,none,not_found
,MIDLOTHIAN ISD | http://www.midlothian-isd.net,ELLIS COUNTY,,http://www.midlothian-isd.net,,none,not_found
,MIDWAY ISD | http://www.midwayisd.org,MCLENNAN COUNTY,,http://www.midwayisd.org,http://www.midwayisd.org/categories/staff,crawl,found
,MILANO ISD | http://www.milanoisd.net,MILAM COUNTY,,http://www.milanoisd.net,,none,not_found
,MILDRED ISD | http://www.mildredisd.org,NAVARRO COUNTY,,http://www.mildredisd.org,,none,not_found
,MILFORD ISD | http://www.milfordisd.org,ELLIS COUNTY,,http://www.milfordisd.org,http://www.milfordisd.org/staff,path,found
,MILLER GROVE ISD | http://www.mgisd.net,HOPKINS COUNTY,,http://www.mgisd.net,,none,not_found
,MILLSAP ISD | http://www.MillsapISD.net,PARKER COUNTY,,http://www.MillsapISD.net,http://www.MillsapISD.net/directory,path,found
,MINEOLA ISD | http://www.mineolaisd.net,WOOD COUNTY,,http://www.mineolaisd.net,http://www.mineolaisd.net/staff,path,found
,MINERAL WELLS ISD | http://www.mwisd.net,PALO PINTO COUNTY,,http://www.mwisd.net,,none,not_found
,MISSION CISD | http://www.mcisd.net,HIDALGO COUNTY,,http://www.mcisd.net,http://www.mcisd.net/apps/staff/,crawl,found
,MONAHANS-WICKETT-PYOTE ISD | http://www.mwpisd.esc18.net,WARD COUNTY,,http://www.mwpisd.esc18.net,,none,not_found
,MONTAGUE ISD | http://www.montagueisd.org,MONTAGUE COUNTY,,http://www.montagueisd.org,http://www.montagueisd.org/vnews/display.v/SEC/Staff%20Directory,crawl,found
,MONTE ALTO ISD | http://www.montealtoisd.org,HIDALGO COUNTY,,http://www.montealtoisd.org,http://www.montealtoisd.org/staff,path,found
,MONTGOMERY ISD | http://www.misd.org,MONTGOMERY COUNTY,,http://www.misd.org,http://www.misd.org/staff_resources,crawl,found
,MONTGOMERY ISD | http://www.misd.org/lse,MONTGOMERY COUNTY,,http://www.misd.org/lse,,none,not_found
,MONTGOMERY ISD | http://www.misd.org/mes,MONTGOMERY COUNTY,,http://www.misd.org/mes,,none,not_found
,MONTGOMERY ISD | http://www.misd.org/mhs,MONTGOMERY COUNTY,,http://www.misd.org/mhs,,none,not_found
,MONTGOMERY ISD | http://www.misd.org/mis,MONTGOMERY COUNTY,,http://www.misd.org/mis,,none,not_found
,MONTGOMERY ISD | http://www.misd.org/mjhs,MONTGOMERY COUNTY,,http://www.misd.org/mjhs,,none,not_found
,MONTGOMERY ISD | http://www.misd.org/mms,MONTGOMERY COUNTY,,http://www.misd.org/mms,,none,not_found
,MONTGOMERY ISD | http://www.misd.org/sce,MONTGOMERY COUNTY,,http://www.misd.org/sce,,none,not_found
,MOODY ISD | http://www.moodyisd.org,MCLENNAN COUNTY,,http://www.moodyisd.org,http://www.moodyisd.org/apps/staff/,crawl,found
,MORAN ISD | http://www.moran.esc14.net,SHACKELFORD COUNTY,,http://www.moran.esc14.net,,none,not_found
,MORGAN ISD | http://www.morganisd.org,BOSQUE COUNTY,,http://www.morganisd.org,,none,not_found
,MORTON ISD | http://mortonisd.net,COCHRAN COUNTY,,http://mortonisd.net,http://mortonisd.net/staff,path,found
,MORTON ISD | http://www.mortonisd.net,COCHRAN COUNTY,,http://www.mortonisd.net,http://www.mortonisd.net/staff,path,found
,MOTLEY COUNTY ISD | http://www.motleyco.org,MOTLEY COUNTY,,http://www.motleyco.org,,none,not_found
,MOULTON ISD | http://www.moultonisd.net,LAVACA COUNTY,,http://www.moultonisd.net,,none,not_found
,MOUNT CALM ISD | http://www.mcisd1.org,HILL COUNTY,,http://www.mcisd1.org,http://www.mcisd1.org/staff-directory,path,found
,MOUNT ENTERPRISE ISD | http://www.meisd.esc7.net,RUSK COUNTY,,http://www.meisd.esc7.net,,none,not_found
,MOUNT PLEASANT ISD | http://www.mpisd.net,TITUS COUNTY,,http://www.mpisd.net,https://www.mpisd.net/departments/administration/,crawl,found
,MOUNT VERNON ISD | http://www.mtvernonisd.net,FRANKLIN COUNTY,,http://www.mtvernonisd.net,,none,not_found
,MUENSTER ISD | http://www.muensterisd.net,COOKE COUNTY,,http://www.muensterisd.net,http://www.muensterisd.net/staff-directory,path,found
,MULESHOE ISD | http://www.muleshoeisd.net,BAILEY COUNTY,,http://www.muleshoeisd.net,http://www.muleshoeisd.net/staff,path,found
,MULLIN ISD | http://mullinisd.net,MILLS COUNTY,,http://mullinisd.net,,none,not_found
,MULLIN ISD | http://www.mullinisd.net,MILLS COUNTY,,http://www.mullinisd.net,,none,not_found
,MUMFORD ISD | http://www.mumford.k12.tx.us,ROBERTSON COUNTY,,http://www.mumford.k12.tx.us,http://www.mumford.k12.tx.us,crawl,found
,MURCHISON ISD | http://www.murchisonisd.com,HENDERSON COUNTY,,http://www.murchisonisd.com,,none,not_found
,NACOGDOCHES ISD | http://www.nacisd.org,NACOGDOCHES COUNTY,,http://www.nacisd.org,http://www.nacisd.org/staff,path,found
,NATALIA ISD | http://www.nataliaisd.net,MEDINA COUNTY,,http://www.nataliaisd.net,http://www.nataliaisd.net/elementarystaff,crawl,found
,NAVARRO ISD | http://www.nisd.us,GUADALUPE COUNTY,,http://www.nisd.us,,none,not_found
,NAVASOTA ISD | http://navasotaisd.org,GRIMES COUNTY,,http://navasotaisd.org,http://navasotaisd.org/apps/staff/,crawl,found
,NAVASOTA ISD | http://www.navasotaisd.org,GRIMES COUNTY,,http://www.navasotaisd.org,http://www.navasotaisd.org/apps/staff/,crawl,found
,NAZARETH ISD | http://www.nazarethisd.net,CASTRO COUNTY,,http://www.nazarethisd.net,http://www.nazarethisd.net/about-us/staff-directory-ed,crawl,found
,NECHES ISD | http://www.nechesisd.com,ANDERSON COUNTY,,http://www.nechesisd.com,,none,not_found
,NEDERLAND ISD | http://www.nederland.k12.tx.us,JEFFERSON COUNTY,,http://www.nederland.k12.tx.us,,none,not_found
,NEDERLAND ISD | http://www.nederland.k12.tx.us/aes.html,JEFFERSON COUNTY,,http://www.nederland.k12.tx.us/aes.html,,none,not_found
,NEDERLAND ISD | http://www.nederland.k12.tx.us/hel.html,JEFFERSON COUNTY,,http://www.nederland.k12.tx.us/hel.html,,none,not_found
,NEDERLAND ISD | http://www.nederland.k12.tx.us/high.html,JEFFERSON COUNTY,,http://www.nederland.k12.tx.us/high.html,,none,not_found
,NEDERLAND ISD | http://www.nederland.k12.tx.us/hill.html,JEFFERSON COUNTY,,http://www.nederland.k12.tx.us/hill.html,,none,not_found
,NEDERLAND ISD | http://www.nederland.k12.tx.us/lang.html,JEFFERSON COUNTY,,http://www.nederland.k12.tx.us/lang.html,,none,not_found
,NEDERLAND ISD | http://www.nederland.k12.tx.us/nhs.html,JEFFERSON COUNTY,,http://www.nederland.k12.tx.us/nhs.html,,none,not_found
,NEEDVILLE ISD | http://www.needvilleisd.com,FORT BEND COUNTY,,http://www.needvilleisd.com,http://www.needvilleisd.com/staff,path,found
,NEW BOSTON ISD | http://www.nbschools.net,BOWIE COUNTY,,http://www.nbschools.net,,none,not_found
,NEW BRAUNFELS ISD | http://www.nbisd.org,COMAL COUNTY,,http://www.nbisd.org,,none,not_found
,NEW CANEY ISD | http://www.newcaneyisd.org,MONTGOMERY COUNTY,,http://www.newcaneyisd.org,http://www.newcaneyisd.org/departments/athletics/staff-directory,crawl,found
,NEW DEAL ISD | http://www.ndisd.net,LUBBOCK COUNTY,,http://www.ndisd.net,http://www.ndisd.net/apps/staff/,crawl,found
,NEW DIANA ISD | http://www.ndisd.org,UPSHUR COUNTY,,http://www.ndisd.org,http://www.ndisd.org/staff,path,found
,NEW FRONTIERS CHARTER SCHOOL | http://www.newfrontierscharter.org,BEXAR COUNTY,,http://www.newfrontierscharter.org,,none,not_found
,NEW HOME ISD | http://newhomeisd.org,LYNN COUNTY,,http://newhomeisd.org,,none,not_found
,NEW WAVERLY ISD | http://www.new-waverly.k12.tx.us,WALKER COUNTY,,http://www.new-waverly.k12.tx.us,http://www.new-waverly.k12.tx.us/staff,path,found
,NEWCASTLE ISD | http://www.newcastle-isd.net,YOUNG COUNTY,,http://www.newcastle-isd.net,,none,not_found
,NEWMAN INTERNATIONAL ACADEMY OF ARLINGTON | http://newmanacademy.org,TARRANT COUNTY,,http://newmanacademy.org,http://newmanacademy.org/faculty___staff,crawl,found
,NEWTON ISD | http://www.newtonisd.net,NEWTON COUNTY,,http://www.newtonisd.net,,none,not_found
,NIXON-SMILEY CISD | http://www.fisd.us,GONZALES COUNTY,,http://www.fisd.us,,none,not_found
,NIXON-SMILEY CISD | http://www.nixonsmiley.net,GONZALES COUNTY,,http://www.nixonsmiley.net,http://www.nixonsmiley.net/staff,path,found
,NOCONA ISD | http://www.noconaisd.net,MONTAGUE COUNTY,,http://www.noconaisd.net,,none,not_found
,NORDHEIM ISD | http://nordheimisd.org,DEWITT COUNTY,,http://nordheimisd.org,http://nordheimisd.org/staff,crawl,found
,NORDHEIM ISD | http://www.nordheimisd.org,DEWITT COUNTY,,http://www.nordheimisd.org,http://www.nordheimisd.org/staff,crawl,found
,NORMANGEE ISD | http://www.normangeeisd.org,LEON COUNTY,,http://www.normangeeisd.org,,none,not_found
,NORTH EAST ISD | http://www.neisd.net,BEXAR COUNTY,,http://www.neisd.net,,none,not_found
,NORTH HOPKINS ISD | http://www.northhopkins.net,HOPKINS COUNTY,,http://www.northhopkins.net,,none,not_found
,NORTH LAMAR ISD | http://www.northlamar.net,LAMAR COUNTY,,http://www.northlamar.net,,none,not_found
,NORTH ZULCH ISD | http://www.nzisd.org,MADISON COUNTY,,http://www.nzisd.org,http://www.nzisd.org/cafeteriastaff,crawl,found
,NORTHSIDE ISD | http://nisd.net,BEXAR COUNTY,,http://nisd.net,http://nisd.net/news/nisd-staff-ready-welcome-students-back-school-3,crawl,found
,NORTHSIDE ISD | http://www.nisd.net,BEXAR COUNTY,,http://www.nisd.net,http://www.nisd.net/news/nisd-staff-ready-welcome-students-back-school-3,crawl,found
,NORTHSIDE ISD | http://www.nisd.net/schools/elementary/lieck,BEXAR COUNTY,,http://www.nisd.net/schools/elementary/lieck,,none,not_found
,NORTHSIDE ISD | http://www.nisd.net/schools/elementary/mireles,BEXAR COUNTY,,http://www.nisd.net/schools/elementary/mireles,,none,not_found
,NORTHSIDE ISD | http://www.northsideisd.us,WILBARGER COUNTY,,http://www.northsideisd.us,,none,not_found
,NORTHWEST ISD | http://www.nisdtx.org,DENTON COUNTY,,http://www.nisdtx.org,http://www.nisdtx.org/departments/human-resources/staff-directory,path,found
,NORTHWEST ISD | http://www.nisdtx.org/Domain/118,DENTON COUNTY,,http://www.nisdtx.org/Domain/118,,none,not_found
,NORTHWEST ISD | http://www.nisdtx.org/Domain/1250,DENTON COUNTY,,http://www.nisdtx.org/Domain/1250,,none,not_found
,NORTHWEST ISD | http://www.nisdtx.org/Domain/1665,DENTON COUNTY,,http://www.nisdtx.org/Domain/1665,,none,not_found
,NORTHWEST ISD | http://www.nisdtx.org/Domain/3434,DENTON COUNTY,,http://www.nisdtx.org/Domain/3434,,none,not_found
,NORTHWEST ISD | http://www.nisdtx.org/Domain/458,DENTON COUNTY,,http://www.nisdtx.org/Domain/458,,none,not_found
,NORTHWEST ISD | http://www.nisdtx.org/Domain/604,DENTON COUNTY,,http://www.nisdtx.org/Domain/604,,none,not_found
,NORTHWEST ISD | http://www.nisdtx.org/beck,DENTON COUNTY,,http://www.nisdtx.org/beck,,none,not_found
,NORTHWEST ISD | http://www.nisdtx.org/bnhs,DENTON COUNTY,,http://www.nisdtx.org/bnhs,,none,not_found
,NORTHWEST ISD | http://www.nisdtx.org/granger,DENTON COUNTY,,http://www.nisdtx.org/granger,,none,not_found
,NORTHWEST ISD | http://www.nisdtx.org/haslet,DENTON COUNTY,,http://www.nisdtx.org/haslet,,none,not_found
,NORTHWEST ISD | http://www.nisdtx.org/hatfield,DENTON COUNTY,,http://www.nisdtx.org/hatfield,,none,not_found
,NORTHWEST ISD | http://www.nisdtx.org/hughes,DENTON COUNTY,,http://www.nisdtx.org/hughes,,none,not_found
,NORTHWEST ISD | http://www.nisdtx.org/justin,DENTON COUNTY,,http://www.nisdtx.org/justin,,none,not_found
,NORTHWEST ISD | http://www.nisdtx.org/love,DENTON COUNTY,,http://www.nisdtx.org/love,,none,not_found
,NORTHWEST ISD | http://www.nisdtx.org/nance,DENTON COUNTY,,http://www.nisdtx.org/nance,,none,not_found
,NORTHWEST ISD | http://www.nisdtx.org/peterson,DENTON COUNTY,,http://www.nisdtx.org/peterson,,none,not_found
,NORTHWEST ISD | http://www.nisdtx.org/prairieview,DENTON COUNTY,,http://www.nisdtx.org/prairieview,,none,not_found
,NORTHWEST ISD | http://www.nisdtx.org/roanoke,DENTON COUNTY,,http://www.nisdtx.org/roanoke,,none,not_found
,NORTHWEST ISD | http://www.nisdtx.org/sahs,DENTON COUNTY,,http://www.nisdtx.org/sahs,,none,not_found
,NORTHWEST ISD | http://www.nisdtx.org/schluter,DENTON COUNTY,,http://www.nisdtx.org/schluter,,none,not_found
,NORTHWEST ISD | http://www.nisdtx.org/senderaranch,DENTON COUNTY,,http://www.nisdtx.org/senderaranch,,none,not_found
,NORTHWEST ISD | http://www.nisdtx.org/sevenhills,DENTON COUNTY,,http://www.nisdtx.org/sevenhills,,none,not_found
,NORTHWEST ISD | http://www.nisdtx.org/thompson,DENTON COUNTY,,http://www.nisdtx.org/thompson,,none,not_found
,NORTHWEST ISD | http://www.nisdtx.org/tms,DENTON COUNTY,,http://www.nisdtx.org/tms,,none,not_found
,NOVA ACADEMY (SOUTHEAST) | http://www.novaacademy.org,DALLAS COUNTY,,http://www.novaacademy.org,,none,not_found
,NOVA ACADEMY | http://www.NovaAcademy.org,DALLAS COUNTY,,http://www.NovaAcademy.org,,none,not_found
,NUECES CANYON CISD | http://nccisd.net,EDWARDS COUNTY,,http://nccisd.net,http://nccisd.net/directory,path,found
,NURSERY ISD | http://www.nurseryisd.org,VICTORIA COUNTY,,http://www.nurseryisd.org,,none,not_found
,NYOS CHARTER SCHOOL | http://www.nyos.org,TRAVIS COUNTY,,http://www.nyos.org,,none,not_found
,O'DONNELL ISD | http://odonnell.esc17.net,LYNN COUNTY,,http://odonnell.esc17.net,,none,not_found
,OAKWOOD ISD | http://www.oakwoodisd.net,LEON COUNTY,,http://www.oakwoodisd.net,http://www.oakwoodisd.net/staff,path,found
,ODEM-EDROY ISD | http://www.oeisd.org,SAN PATRICIO COUNTY,,http://www.oeisd.org,http://www.oeisd.org/employees,crawl,found
,ODYSSEY ACADEMY INC | http://www.odyssey-academy.com,GALVESTON COUNTY,,http://www.odyssey-academy.com,http://www.odyssey-academy.com,crawl,found
,OGLESBY ISD | http://www.oglesbyisd.net,CORYELL COUNTY,,http://www.oglesbyisd.net,,none,not_found
,OLNEY ISD | http://www.olneyisd.net,YOUNG COUNTY,,http://www.olneyisd.net,,none,not_found
,OLTON ISD | http://www.oltonisd.net,LAMB COUNTY,,http://www.oltonisd.net,http://www.oltonisd.net/vnews/display.v/SEC/High%20School%7CCampus%20Directory,crawl,found
,ONALASKA ISD | http://www.onalaskaisd.net,POLK COUNTY,,http://www.onalaskaisd.net,http://www.onalaskaisd.net/vnews/display.v/SEC/Elementary%20School%7CStaff,crawl,found
,ORANGE GROVE ISD | http://ogisd.net,JIM WELLS COUNTY,,http://ogisd.net,,none,not_found
,ORANGE GROVE ISD | http://www.ogisd.net,JIM WELLS COUNTY,,http://www.ogisd.net,,none,not_found
,ORANGEFIELD ISD | http://orangefieldisd.com,ORANGE COUNTY,,http://orangefieldisd.com,http://orangefieldisd.com/staff,path,found
,ORANGEFIELD ISD | http://www.orangefieldisd.com,ORANGE COUNTY,,http://www.orangefieldisd.com,http://www.orangefieldisd.com/staff,path,found
,ORE CITY ISD | http://www.ocisd.net,UPSHUR COUNTY,,http://www.ocisd.net,,none,not_found
,ORENDA CHARTER SCHOOL | http://www.gatewaycps.org,BELL COUNTY,,http://www.gatewaycps.org,http://www.gatewaycps.org/faculty-staff-directory,crawl,found
,ORENDA CHARTER SCHOOL | http://www.orendaeducation.org,BELL COUNTY,,http://www.orendaeducation.org,http://www.orendaeducation.org/about-us/faculty-and-staff-directory,crawl,found
,PADUCAH ISD | http://www.paducahisd.org,COTTLE COUNTY,,http://www.paducahisd.org,,none,not_found
,PAINT CREEK ISD | http://www.paintcreek.esc14.net,HASKELL COUNTY,,http://www.paintcreek.esc14.net,,none,not_found
,PALACIOS ISD | http://www.palaciosisd.org,MATAGORDA COUNTY,,http://www.palaciosisd.org,http://www.palaciosisd.org/staff-directory,path,found
,PALESTINE ISD | http://www.palestineschools.org,ANDERSON COUNTY,,http://www.palestineschools.org,http://www.palestineschools.org/staff,path,found
,PALMER ISD | http://www.palmer-isd.org,ELLIS COUNTY,,http://www.palmer-isd.org,http://www.palmer-isd.org/staff,path,found
,PALO PINTO ISD | http://www.palopintoisd.net,PALO PINTO COUNTY,,http://www.palopintoisd.net,http://www.palopintoisd.net/staff,path,found
,PAMPA ISD | http://www.pampaisd.net,GRAY COUNTY,,http://www.pampaisd.net,http://www.pampaisd.net/staff,path,found
,PANHANDLE ISD | http://panhandleisd.net,CARSON COUNTY,,http://panhandleisd.net,http://panhandleisd.net/staff,path,found
,PANTHER CREEK CISD | http://www.pcreek.net,COLEMAN COUNTY,,http://www.pcreek.net,http://www.pcreek.net/staff,path,found
,PARADISE ISD | http://www.pisd.net,WISE COUNTY,,http://www.pisd.net,,none,not_found
,PARIS ISD | http://www.parisid.net/justisselementary,LAMAR COUNTY,,http://www.parisid.net/justisselementary,,none,not_found
,PARIS ISD | http://www.parisisd.net,LAMAR COUNTY,,http://www.parisisd.net,,none,not_found
,PARIS ISD | http://www.parisisd.net/parishigh,LAMAR COUNTY,,http://www.parisisd.net/parishigh,,none,not_found
,PASADENA ISD | http://www.pasadenaisd.org,HARRIS COUNTY,,http://www.pasadenaisd.org,,none,not_found
,PASO DEL NORTE ACADEMY CHARTER DISTRICT | http://www.sapiacademies.org,EL PASO COUNTY,,http://www.sapiacademies.org,,none,not_found
,PATTON SPRINGS ISD | http://www.pattonsprings.net,DICKENS COUNTY,,http://www.pattonsprings.net,http://www.pattonsprings.net/index.php?page=staff,crawl,found
,PAWNEE ISD | http://www.pawneeisd.net,BEE COUNTY,,http://www.pawneeisd.net,http://www.pawneeisd.net/staff,path,found
,PEARLAND ISD | http://www.pearlandisd.org,BRAZORIA COUNTY,,http://www.pearlandisd.org,http://www.pearlandisd.org/about-us/administration/administration,crawl,found
,PEARSALL ISD | http://www.pearsallisd.org,FRIO COUNTY,,http://www.pearsallisd.org,http://www.pearsallisd.org/staff,path,found
,PEASTER ISD | http://www.peaster.net,PARKER COUNTY,,http://www.peaster.net,http://www.peaster.net/our-district/staff-directory,crawl,found
,PECOS-BARSTOW-TOYAH ISD | http://pbtisd.esc18.net,REEVES COUNTY,,http://pbtisd.esc18.net,,none,not_found
,PEGASUS SCHOOL OF LIBERAL ARTS AND SCIENCES | http://www.pegasuscharter.org,DALLAS COUNTY,,http://www.pegasuscharter.org,,none,not_found
,PENELOPE ISD | http://www.penelopeisd.org,HILL COUNTY,,http://www.penelopeisd.org,,none,not_found
,PERRIN-WHITT CISD | http://www.pwcisd.net,JACK COUNTY,,http://www.pwcisd.net,,none,not_found
,PERRYTON ISD | http://www.perrytonisd.com,OCHILTREE COUNTY,,http://www.perrytonisd.com,,none,not_found
,PETERSBURG ISD | http://www.petersburgisd.net,HALE COUNTY,,http://www.petersburgisd.net,http://www.petersburgisd.net/staff,path,found
,PETROLIA CISD | http://petroliaisd.org,CLAY COUNTY,,http://petroliaisd.org,,none,not_found
,PEWITT CISD | http://pewittcisd.net,MORRIS COUNTY,,http://pewittcisd.net,,none,not_found
,PEWITT CISD | http://www.pewittcisd.net,MORRIS COUNTY,,http://www.pewittcisd.net,,none,not_found
,PHARR-SAN JUAN-ALAMO ISD | http://psjaisd.us,HIDALGO COUNTY,,http://psjaisd.us,http://psjaisd.us/about-us/contact-us/campus-directory,crawl,found
,PHARR-SAN JUAN-ALAMO ISD | http://www.psjaisd.us,HIDALGO COUNTY,,http://www.psjaisd.us,http://www.psjaisd.us/about-us/contact-us/campus-directory,crawl,found
,PILOT POINT ISD | http://www.pilotpointisd.com,DENTON COUNTY,,http://www.pilotpointisd.com,,none,not_found
,PINE TREE ISD | http://www.ptisd.org,GREGG COUNTY,,http://www.ptisd.org,http://www.ptisd.org/staff,path,found
,PINEYWOODS COMMUNITY ACADEMY | http://www.pineywoodsacademy.org,ANGELINA COUNTY,,http://www.pineywoodsacademy.org,,none,not_found
,PITTSBURG ISD | http://www.pittsburgisd.net,CAMP COUNTY,,http://www.pittsburgisd.net,http://www.pittsburgisd.net/directory,crawl,found
,PLAINS ISD | http://www.plainsisd.net/vnews/display.v/SEC/El,YOAKUM COUNTY,,http://www.plainsisd.net/vnews/display.v/SEC/El,,none,not_found
,PLAINS ISD | http://www.plainsisd.net/vnews/display.v/SEC/Hi,YOAKUM COUNTY,,http://www.plainsisd.net/vnews/display.v/SEC/Hi,,none,not_found
,PLAINS ISD | http://www.plainsisd.net/vnews/display.v/SEC/Mi,YOAKUM COUNTY,,http://www.plainsisd.net/vnews/display.v/SEC/Mi,,none,not_found
,PLAINVIEW ISD | http://www.plainview.k12.tx.us,HALE COUNTY,,http://www.plainview.k12.tx.us,,none,not_found
,PLAINVIEW ISD | http://www.plainview.k12.tx.us/collegehill,HALE COUNTY,,http://www.plainview.k12.tx.us/collegehill,,none,not_found
,PLAINVIEW ISD | http://www.plainview.k12.tx.us/coronado,HALE COUNTY,,http://www.plainview.k12.tx.us/coronado,,none,not_found
,PLAINVIEW ISD | http://www.plainview.k12.tx.us/edgemere,HALE COUNTY,,http://www.plainview.k12.tx.us/edgemere,,none,not_found
,PLAINVIEW ISD | http://www.plainview.k12.tx.us/estacado,HALE COUNTY,,http://www.plainview.k12.tx.us/estacado,,none,not_found
,PLAINVIEW ISD | http://www.plainview.k12.tx.us/highland,HALE COUNTY,,http://www.plainview.k12.tx.us/highland,,none,not_found
,PLAINVIEW ISD | http://www.plainview.k12.tx.us/hillcrest,HALE COUNTY,,http://www.plainview.k12.tx.us/hillcrest,,none,not_found
,PLAINVIEW ISD | http://www.plainview.k12.tx.us/houston,HALE COUNTY,,http://www.plainview.k12.tx.us/houston,,none,not_found
,PLAINVIEW ISD | http://www.plainview.k12.tx.us/lamesa,HALE COUNTY,,http://www.plainview.k12.tx.us/lamesa,,none,not_found
,PLAINVIEW ISD | http://www.plainview.k12.tx.us/phs,HALE COUNTY,,http://www.plainview.k12.tx.us/phs,,none,not_found
,PLAINVIEW ISD | http://www.plainview.k12.tx.us/thunderbird,HALE COUNTY,,http://www.plainview.k12.tx.us/thunderbird,,none,not_found
,PLANO ISD | http://www.pisd.edu,COLLIN COUNTY,,http://www.pisd.edu,http://www.pisd.edu/directory,path,found
,PLEASANT GROVE ISD | http://www.pgisd.net,BOWIE COUNTY,,http://www.pgisd.net,http://www.pgisd.net/staff/staff-directory,path,found
,PLEASANTON ISD | http://www.pisd.us,ATASCOSA COUNTY,,http://www.pisd.us,http://www.pisd.us/staff,path,found
,PLEMONS-STINNETT-PHILLIPS CISD | http://www.pspcisd.net,HUTCHINSON COUNTY,,http://www.pspcisd.net,http://www.pspcisd.net/staff,path,found
,POINT ISABEL ISD | http://www.pi-isd.net,CAMERON COUNTY,,http://www.pi-isd.net,http://www.pi-isd.net/staff,path,found
,PONDER ISD | http://www.ponderisd.net,DENTON COUNTY,,http://www.ponderisd.net,http://www.ponderisd.net/staff,path,found
,POOLVILLE ISD | http://www.poolville.net,PARKER COUNTY,,http://www.poolville.net,,none,not_found
,PORT ARANSAS ISD | http://www.paisd.net,NUECES COUNTY,,http://www.paisd.net,,none,not_found
,PORT ARTHUR ISD | http://www.paisd.org,JEFFERSON COUNTY,,http://www.paisd.org,http://www.paisd.org/district/executive-staff,crawl,found
,PORT ARTHUR ISD | http://www.paisd.org/schools/dequeen/home.htm,JEFFERSON COUNTY,,http://www.paisd.org/schools/dequeen/home.htm,,none,not_found
,PORT ARTHUR ISD | http://www.paisd.org/schools/dowling/home.htm,JEFFERSON COUNTY,,http://www.paisd.org/schools/dowling/home.htm,,none,not_found
,PORT ARTHUR ISD | http://www.paisd.org/schools/edison/home.htm,JEFFERSON COUNTY,,http://www.paisd.org/schools/edison/home.htm,,none,not_found
,PORT ARTHUR ISD | http://www.paisd.org/schools/houston/home.htm,JEFFERSON COUNTY,,http://www.paisd.org/schools/houston/home.htm,,none,not_found
,PORT ARTHUR ISD | http://www.paisd.org/schools/lee/home.htm,JEFFERSON COUNTY,,http://www.paisd.org/schools/lee/home.htm,,none,not_found
,PORT ARTHUR ISD | http://www.paisd.org/schools/memorial/home.htm,JEFFERSON COUNTY,,http://www.paisd.org/schools/memorial/home.htm,,none,not_found
,PORT ARTHUR ISD | http://www.paisd.org/schools/travis/home.htm,JEFFERSON COUNTY,,http://www.paisd.org/schools/travis/home.htm,,none,not_found
,PORT ARTHUR ISD | http://www.paisd.org/schools/tyrrell/home.htm,JEFFERSON COUNTY,,http://www.paisd.org/schools/tyrrell/home.htm,,none,not_found
,PORT ARTHUR ISD | http://www.paisd.org/schools/wheatley/home.htm,JEFFERSON COUNTY,,http://www.paisd.org/schools/wheatley/home.htm,,none,not_found
,PORT ARTHUR ISD | http://www.paisd.org/schools/wilsontechnology/home.htm,JEFFERSON COUNTY,,http://www.paisd.org/schools/wilsontechnology/home.htm,,none,not_found
,PORT NECHES-GROVES ISD | http://www.pngisd.org,JEFFERSON COUNTY,,http://www.pngisd.org,http://www.pngisd.org/leadership,crawl,found
,POST ISD | http://www.postisd.net,GARZA COUNTY,,http://www.postisd.net,,none,not_found
,POTH ISD | http://www.pothisd.us,WILSON COUNTY,,http://www.pothisd.us,http://www.pothisd.us/faculty-staff-directory,crawl,found
,POTTSBORO ISD | http://www.pottsboroisd.org,GRAYSON COUNTY,,http://www.pottsboroisd.org,https://www.pottsboroisd.org/staff-directory,crawl,found
,PRAIRIE LEA ISD | http://www.prairielea.txed.net,CALDWELL COUNTY,,http://www.prairielea.txed.net,,none,not_found
,PRAIRIE VALLEY ISD | http://www.prairievalleyisd.net,MONTAGUE COUNTY,,http://www.prairievalleyisd.net,,none,not_found
,PRAIRILAND ISD | http://www.prairiland.net,LAMAR COUNTY,,http://www.prairiland.net,,none,not_found
,PREMIER HIGH SCHOOLS | http://premierhighschools.com,ERATH COUNTY,,http://premierhighschools.com,,none,not_found
,PREMONT ISD | http://www.premontisd.net/elem.html,JIM WELLS COUNTY,,http://www.premontisd.net/elem.html,,none,not_found
,PREMONT ISD | http://www.premontisd.net/phs.html,JIM WELLS COUNTY,,http://www.premontisd.net/phs.html,,none,not_found
,PRESIDIO ISD | http://www.presidio-isd.net,PRESIDIO COUNTY,,http://www.presidio-isd.net,,none,not_found
,PRIDDY ISD | http://www.priddyisd.net,MILLS COUNTY,,http://www.priddyisd.net,http://www.priddyisd.net/staff,path,found
,PRIME PREP ACADEMY | http://www.primeprepacademy.org,TARRANT COUNTY,,http://www.primeprepacademy.org,,none,not_found
,PRINCETON ISD | http://www.princetonisd.net,COLLIN COUNTY,,http://www.princetonisd.net,http://www.princetonisd.net/directory,path,found
,PRINGLE-MORSE CISD | http://www.pringlemorsecisd.net,HANSFORD COUNTY,,http://www.pringlemorsecisd.net,,none,not_found
,PRIORITY CHARTER SCHOOLS | http://www.prioritycharterschools.org,BELL COUNTY,,http://www.prioritycharterschools.org,http://www.prioritycharterschools.org/staff,path,found
,PROGRESO ISD | http://www.progresoedu.net,HIDALGO COUNTY,,http://www.progresoedu.net,http://www.progresoedu.net/staff,crawl,found
,PROSPER ISD | http://www.prosper-isd.net,COLLIN COUNTY,,http://www.prosper-isd.net,http://www.prosper-isd.net/staff,path,found
,QUANAH ISD | http://www.qisd.net,HARDEMAN COUNTY,,http://www.qisd.net,http://www.qisd.net/district/district-directory,crawl,found
,QUEEN CITY ISD | http://www.qcisd.net,CASS COUNTY,,http://www.qcisd.net,http://www.qcisd.net/staff,path,found
,QUINLAN ISD | http://www.quinlanisd.net,HUNT COUNTY,,http://www.quinlanisd.net,http://www.quinlanisd.net/apps/pages/index.jsp?uREC_ID=415959&type=d&pREC_ID=staff,crawl,found
,QUITMAN ISD | http://www.quitmanisd.net,WOOD COUNTY,,http://www.quitmanisd.net,http://www.quitmanisd.net/staff,path,found
,RAINS ISD | http://www.rainsisd.org,RAINS COUNTY,,http://www.rainsisd.org,http://www.rainsisd.org/staff,path,found
,RALLS ISD | http://rallsisd.org,CROSBY COUNTY,,http://rallsisd.org,http://rallsisd.org/apps/staff/,crawl,found
,RANDOLPH FIELD ISD | http://www.rfisd.net,BEXAR COUNTY,,http://www.rfisd.net,https://www.rfisd.net/apps/staff,crawl,found
,RANGER ISD | http://www.ranger.esc14.net,EASTLAND COUNTY,,http://www.ranger.esc14.net,http://www.ranger.esc14.net/staff,path,found
,RANKIN ISD | http://www.rankinisd.net,UPTON COUNTY,,http://www.rankinisd.net,http://www.rankinisd.net/staff,path,found
,RAVEN SCHOOL | http://www.gctcw.org,WALKER COUNTY,,http://www.gctcw.org,http://www.gctcw.org/contact-us/,crawl,found
,RAYMONDVILLE ISD | http://www.raymondvilleisd.org,WILLACY COUNTY,,http://www.raymondvilleisd.org,http://www.raymondvilleisd.org/staff/educator-links,crawl,found
,RED LICK ISD | http://www.redlickisd.com,BOWIE COUNTY,,http://www.redlickisd.com,http://www.redlickisd.com/staff,path,found
,RED OAK ISD | http://www.redoakisd.org,ELLIS COUNTY,,http://www.redoakisd.org,http://www.redoakisd.org/staff-directory,path,found
,REDWATER ISD | http://www.redwaterisd.org,BOWIE COUNTY,,http://www.redwaterisd.org,,none,not_found
,REFUGIO ISD | http://www.refugioisd.net,REFUGIO COUNTY,,http://www.refugioisd.net,http://www.refugioisd.net/staff,path,found
,RICARDO ISD | http://www.ricardoisd.us,KLEBERG COUNTY,,http://www.ricardoisd.us,,none,not_found
,RICE CISD | http://www.ricecisd.org,COLORADO COUNTY,,http://www.ricecisd.org,http://www.ricecisd.org/directory,path,found
,RICE ISD | http://www.rice-isd.org,NAVARRO COUNTY,,http://www.rice-isd.org,http://www.rice-isd.org/staff,path,found
,RICHARD MILBURN ALTER HIGH SCHOOL (KILLEEN) | http://www.rmaschools.org,BELL COUNTY,,http://www.rmaschools.org,http://www.rmaschools.org/staff-directory,path,found
,RICHARDS ISD | http://www.richardsisd.net,GRIMES COUNTY,,http://www.richardsisd.net,http://www.richardsisd.net/apps/staff/,crawl,found
,RICHARDSON ISD | http://www.richardson.k12.tx.us,DALLAS COUNTY,,http://www.richardson.k12.tx.us,,none,not_found
,RICHARDSON ISD | http://www.richardson.k12.tx.us/administration/sch,DALLAS COUNTY,,http://www.richardson.k12.tx.us/administration/sch,,none,not_found
,RICHARDSON ISD | http://www.risd.org,DALLAS COUNTY,,http://www.risd.org,,none,not_found
,RICHLAND SPRINGS ISD | http://www.rscoyotes.net,SAN SABA COUNTY,,http://www.rscoyotes.net,http://www.rscoyotes.net/staff,path,found
,RIESEL ISD | http://www.rieselisd.org,MCLENNAN COUNTY,,http://www.rieselisd.org,http://www.rieselisd.org/directory,crawl,found
,RIO GRANDE CITY CISD | http://www.rgccisd.org,STARR COUNTY,,http://www.rgccisd.org,,none,not_found
,RIO HONDO ISD | http://www.riohondoisd.net,CAMERON COUNTY,,http://www.riohondoisd.net,http://www.riohondoisd.net/staff,path,found
,RIO VISTA ISD | http://www.jjaep.org,JOHNSON COUNTY,,http://www.jjaep.org,,none,not_found
,RIO VISTA ISD | http://www.rvisd.net,JOHNSON COUNTY,,http://www.rvisd.net,,none,not_found
,RISING STAR ISD | http://www.risingstarisd.org,EASTLAND COUNTY,,http://www.risingstarisd.org,http://www.risingstarisd.org/apps/staff/,crawl,found
,RIVER ROAD ISD | http://www.rrisd.net,POTTER COUNTY,,http://www.rrisd.net,,none,not_found
,RIVERCREST ISD | http://rivercrestisd.net,RED RIVER COUNTY,,http://rivercrestisd.net,http://rivercrestisd.net/staff,path,found
,RIVIERA ISD | http://www.rivieraisd.us,KLEBERG COUNTY,,http://www.rivieraisd.us,http://www.rivieraisd.us/staff,path,found
,ROBERT LEE ISD | http://www.rlisd.net,COKE COUNTY,,http://www.rlisd.net,,none,not_found
,ROBINSON ISD | http://www.risdweb.org,MCLENNAN COUNTY,,http://www.risdweb.org,http://www.risdweb.org/staff,path,found
,ROBSTOWN ISD | http://robstownisd.org,NUECES COUNTY,,http://robstownisd.org,,none,not_found
,ROBSTOWN ISD | http://www.robstownisd.org,NUECES COUNTY,,http://www.robstownisd.org,http://www.robstownisd.org/apps/staff/,crawl,found
,ROBY CISD | http://www.roby.esc14.net,FISHER COUNTY,,http://www.roby.esc14.net,,none,not_found
,ROCHELLE ISD | http://www.rochelleisd.net,MCCULLOCH COUNTY,,http://www.rochelleisd.net,http://www.rochelleisd.net/staff,path,found
,ROCKDALE ISD | http://www.rockdaleisd.net,MILAM COUNTY,,http://www.rockdaleisd.net,http://www.rockdaleisd.net/about-us/our-staff,crawl,found
,ROCKSPRINGS ISD | http://www.rockspringsisd.net,EDWARDS COUNTY,,http://www.rockspringsisd.net,,none,not_found
,ROCKWALL ISD | http://rockwallisd.com/Default.aspx?alias=rockwallisd.com/jones,ROCKWALL COUNTY,,http://rockwallisd.com/Default.aspx?alias=rockwallisd.com/jones,,none,not_found
,ROCKWALL ISD | http://rockwallisd.com/Default.aspx?alias=rockwallisd.com/quest,ROCKWALL COUNTY,,http://rockwallisd.com/Default.aspx?alias=rockwallisd.com/quest,,none,not_found
,ROCKWALL ISD | http://www.rockwallisd.com/amyparks,ROCKWALL COUNTY,,http://www.rockwallisd.com/amyparks,,none,not_found
,ROCKWALL ISD | http://www.rockwallisd.com/cain,ROCKWALL COUNTY,,http://www.rockwallisd.com/cain,,none,not_found
,ROCKWALL ISD | http://www.rockwallisd.com/cullins,ROCKWALL COUNTY,,http://www.rockwallisd.com/cullins,,none,not_found
,ROCKWALL ISD | http://www.rockwallisd.com/dobbs,ROCKWALL COUNTY,,http://www.rockwallisd.com/dobbs,,none,not_found
,ROCKWALL ISD | http://www.rockwallisd.com/hartman,ROCKWALL COUNTY,,http://www.rockwallisd.com/hartman,,none,not_found
,ROCKWALL ISD | http://www.rockwallisd.com/hays,ROCKWALL COUNTY,,http://www.rockwallisd.com/hays,,none,not_found
,ROCKWALL ISD | http://www.rockwallisd.com/heath,ROCKWALL COUNTY,,http://www.rockwallisd.com/heath,,none,not_found
,ROCKWALL ISD | http://www.rockwallisd.com/nebbie,ROCKWALL COUNTY,,http://www.rockwallisd.com/nebbie,,none,not_found
,ROCKWALL ISD | http://www.rockwallisd.com/pullen,ROCKWALL COUNTY,,http://www.rockwallisd.com/pullen,,none,not_found
,ROCKWALL ISD | http://www.rockwallisd.com/reinhardt,ROCKWALL COUNTY,,http://www.rockwallisd.com/reinhardt,,none,not_found
,ROCKWALL ISD | http://www.rockwallisd.com/rochell,ROCKWALL COUNTY,,http://www.rockwallisd.com/rochell,,none,not_found
,ROCKWALL ISD | http://www.rockwallisd.com/rockwall,ROCKWALL COUNTY,,http://www.rockwallisd.com/rockwall,,none,not_found
,ROCKWALL ISD | http://www.rockwallisd.com/shannon,ROCKWALL COUNTY,,http://www.rockwallisd.com/shannon,,none,not_found
,ROCKWALL ISD | http://www.rockwallisd.com/springer,ROCKWALL COUNTY,,http://www.rockwallisd.com/springer,,none,not_found
,ROCKWALL ISD | http://www.rockwallisd.com/stevenson,ROCKWALL COUNTY,,http://www.rockwallisd.com/stevenson,,none,not_found
,ROCKWALL ISD | http://www.rockwallisd.com/utley,ROCKWALL COUNTY,,http://www.rockwallisd.com/utley,,none,not_found
,ROCKWALL ISD | http://www.rockwallisd.com/williams,ROCKWALL COUNTY,,http://www.rockwallisd.com/williams,,none,not_found
,ROGERS ISD | http://rogersisd.org,BELL COUNTY,,http://rogersisd.org,,none,not_found
,ROGERS ISD | http://www.rogersisd.org,BELL COUNTY,,http://www.rogersisd.org,,none,not_found
,ROMA ISD | http://alas.romaisd.com/home,STARR COUNTY,,http://alas.romaisd.com/home,,none,not_found
,ROMA ISD | http://ev.romaisd.com,STARR COUNTY,,http://ev.romaisd.com,,none,not_found
,ROMA ISD | http://fjs.romaisd.com,STARR COUNTY,,http://fjs.romaisd.com,http://fjs.romaisd.com/campus/faculty-staff-directory,crawl,found
,ROMA ISD | http://rbms.romaisd.com,STARR COUNTY,,http://rbms.romaisd.com,http://rbms.romaisd.com/campus/faculty-and-staff-directory,crawl,found
,ROMA ISD | http://rcs.romaisd.com,STARR COUNTY,,http://rcs.romaisd.com,http://rcs.romaisd.com/campus/faculty-staff-directory,crawl,found
,ROMA ISD | http://rhs.romaisd.com,STARR COUNTY,,http://rhs.romaisd.com,http://rhs.romaisd.com/campus/faculty-staff-directory,crawl,found
,ROMA ISD | http://rms.romaisd.com,STARR COUNTY,,http://rms.romaisd.com,http://rms.romaisd.com/campus/faculty-staff-information,crawl,found
,ROMA ISD | http://romaisd.com,STARR COUNTY,,http://romaisd.com,http://romaisd.com/district/staff-directory,crawl,found
,ROMA ISD | http://rtb.romaisd.com,STARR COUNTY,,http://rtb.romaisd.com,http://rtb.romaisd.com/campus/faculty-and-staff-directory,crawl,found
,ROMA ISD | http://ybe.romaisd.com,STARR COUNTY,,http://ybe.romaisd.com,,none,not_found
,ROOSEVELT ISD | http://www.roosevelt.k12.tx.us,LUBBOCK COUNTY,,http://www.roosevelt.k12.tx.us,,none,not_found
,ROPES ISD | http://www.ropesisd.us,HOCKLEY COUNTY,,http://www.ropesisd.us,http://www.ropesisd.us/staff,crawl,found
,ROSCOE COLLEGIATE ISD | http://www.roscoe.esc14.net,NOLAN COUNTY,,http://www.roscoe.esc14.net,https://www.roscoe.esc14.net/page/rchs.faculty_resources,crawl,found
,ROSEBUD-LOTT ISD | http://www.rlisd.org,FALLS COUNTY,,http://www.rlisd.org,http://www.rlisd.org/staff,path,found
,ROTAN ISD | http://www.rotan.org,FISHER COUNTY,,http://www.rotan.org,http://www.rotan.org/staff,path,found
,ROUND ROCK ISD | http://schools.roundrockisd.org/andersonmill,WILLIAMSON COUNTY,,http://schools.roundrockisd.org/andersonmill,,none,not_found
,ROUND ROCK ISD | http://schools.roundrockisd.org/berkman,WILLIAMSON COUNTY,,http://schools.roundrockisd.org/berkman,,none,not_found
,ROUND ROCK ISD | http://schools.roundrockisd.org/bkldprairie,WILLIAMSON COUNTY,,http://schools.roundrockisd.org/bkldprairie,,none,not_found
,ROUND ROCK ISD | http://schools.roundrockisd.org/bluebonnet,WILLIAMSON COUNTY,,http://schools.roundrockisd.org/bluebonnet,,none,not_found
,ROUND ROCK ISD | http://schools.roundrockisd.org/brushycreek,WILLIAMSON COUNTY,,http://schools.roundrockisd.org/brushycreek,,none,not_found
,ROUND ROCK ISD | http://schools.roundrockisd.org/cactusranch,WILLIAMSON COUNTY,,http://schools.roundrockisd.org/cactusranch,,none,not_found
,ROUND ROCK ISD | http://schools.roundrockisd.org/caldwellheight,WILLIAMSON COUNTY,,http://schools.roundrockisd.org/caldwellheight,,none,not_found
,ROUND ROCK ISD | http://schools.roundrockisd.org/callison,WILLIAMSON COUNTY,,http://schools.roundrockisd.org/callison,,none,not_found
,ROUND ROCK ISD | http://schools.roundrockisd.org/canyoncreek,WILLIAMSON COUNTY,,http://schools.roundrockisd.org/canyoncreek,,none,not_found
,ROUND ROCK ISD | http://schools.roundrockisd.org/canyonvista,WILLIAMSON COUNTY,,http://schools.roundrockisd.org/canyonvista,,none,not_found
,ROUND ROCK ISD | http://schools.roundrockisd.org/caraway,WILLIAMSON COUNTY,,http://schools.roundrockisd.org/caraway,,none,not_found
,ROUND ROCK ISD | http://schools.roundrockisd.org/cdfulkes,WILLIAMSON COUNTY,,http://schools.roundrockisd.org/cdfulkes,,none,not_found
,ROUND ROCK ISD | http://schools.roundrockisd.org/cedarridge,WILLIAMSON COUNTY,,http://schools.roundrockisd.org/cedarridge,,none,not_found
,ROUND ROCK ISD | http://schools.roundrockisd.org/cedarvalley,WILLIAMSON COUNTY,,http://schools.roundrockisd.org/cedarvalley,,none,not_found
,ROUND ROCK ISD | http://schools.roundrockisd.org/chandleroaks,WILLIAMSON COUNTY,,http://schools.roundrockisd.org/chandleroaks,,none,not_found
,ROUND ROCK ISD | http://schools.roundrockisd.org/chisholmtrail,WILLIAMSON COUNTY,,http://schools.roundrockisd.org/chisholmtrail,,none,not_found
,ROUND ROCK ISD | http://schools.roundrockisd.org/deepwood,WILLIAMSON COUNTY,,http://schools.roundrockisd.org/deepwood,,none,not_found
,ROUND ROCK ISD | http://schools.roundrockisd.org/deerpark,WILLIAMSON COUNTY,,http://schools.roundrockisd.org/deerpark,,none,not_found
,ROUND ROCK ISD | http://schools.roundrockisd.org/doublefiletrail,WILLIAMSON COUNTY,,http://schools.roundrockisd.org/doublefiletrail,,none,not_found
,ROUND ROCK ISD | http://schools.roundrockisd.org/fernbluff,WILLIAMSON COUNTY,,http://schools.roundrockisd.org/fernbluff,,none,not_found
,ROUND ROCK ISD | http://schools.roundrockisd.org/forestcreek,WILLIAMSON COUNTY,,http://schools.roundrockisd.org/forestcreek,,none,not_found
,ROUND ROCK ISD | http://schools.roundrockisd.org/forestnorth,WILLIAMSON COUNTY,,http://schools.roundrockisd.org/forestnorth,,none,not_found
,ROUND ROCK ISD | http://schools.roundrockisd.org/gattis,WILLIAMSON COUNTY,,http://schools.roundrockisd.org/gattis,,none,not_found
,ROUND ROCK ISD | http://schools.roundrockisd.org/greatoaks,WILLIAMSON COUNTY,,http://schools.roundrockisd.org/greatoaks,,none,not_found
,ROUND ROCK ISD | http://schools.roundrockisd.org/grisham,WILLIAMSON COUNTY,,http://schools.roundrockisd.org/grisham,,none,not_found
,ROUND ROCK ISD | http://schools.roundrockisd.org/hernandez,WILLIAMSON COUNTY,,http://schools.roundrockisd.org/hernandez,,none,not_found
,ROUND ROCK ISD | http://schools.roundrockisd.org/hopewell,WILLIAMSON COUNTY,,http://schools.roundrockisd.org/hopewell,,none,not_found
,ROUND ROCK ISD | http://schools.roundrockisd.org/jollyville,WILLIAMSON COUNTY,,http://schools.roundrockisd.org/jollyville,,none,not_found
,ROUND ROCK ISD | http://schools.roundrockisd.org/laurelmountain,WILLIAMSON COUNTY,,http://schools.roundrockisd.org/laurelmountain,,none,not_found
,ROUND ROCK ISD | http://schools.roundrockisd.org/liveoak,WILLIAMSON COUNTY,,http://schools.roundrockisd.org/liveoak,,none,not_found
,ROUND ROCK ISD | http://schools.roundrockisd.org/mcneil,WILLIAMSON COUNTY,,http://schools.roundrockisd.org/mcneil,,none,not_found
,ROUND ROCK ISD | http://schools.roundrockisd.org/oldtown,WILLIAMSON COUNTY,,http://schools.roundrockisd.org/oldtown,,none,not_found
,ROUND ROCK ISD | http://schools.roundrockisd.org/pondsprings,WILLIAMSON COUNTY,,http://schools.roundrockisd.org/pondsprings,,none,not_found
,ROUND ROCK ISD | http://schools.roundrockisd.org/purplesage,WILLIAMSON COUNTY,,http://schools.roundrockisd.org/purplesage,,none,not_found
,ROUND ROCK ISD | http://schools.roundrockisd.org/ridgeview,WILLIAMSON COUNTY,,http://schools.roundrockisd.org/ridgeview,,none,not_found
,ROUND ROCK ISD | http://schools.roundrockisd.org/robertsn,WILLIAMSON COUNTY,,http://schools.roundrockisd.org/robertsn,,none,not_found
,ROUND ROCK ISD | http://schools.roundrockisd.org/rrhs,WILLIAMSON COUNTY,,http://schools.roundrockisd.org/rrhs,,none,not_found
,ROUND ROCK ISD | http://schools.roundrockisd.org/rroc,WILLIAMSON COUNTY,,http://schools.roundrockisd.org/rroc,,none,not_found
,ROUND ROCK ISD | http://schools.roundrockisd.org/sommer,WILLIAMSON COUNTY,,http://schools.roundrockisd.org/sommer,,none,not_found
,ROUND ROCK ISD | http://schools.roundrockisd.org/spicewood,WILLIAMSON COUNTY,,http://schools.roundrockisd.org/spicewood,,none,not_found
,ROUND ROCK ISD | http://schools.roundrockisd.org/stonypoint,WILLIAMSON COUNTY,,http://schools.roundrockisd.org/stonypoint,,none,not_found
,ROUND ROCK ISD | http://schools.roundrockisd.org/success/Default.htm,WILLIAMSON COUNTY,,http://schools.roundrockisd.org/success/Default.htm,,none,not_found
,ROUND ROCK ISD | http://schools.roundrockisd.org/teravista,WILLIAMSON COUNTY,,http://schools.roundrockisd.org/teravista,,none,not_found
,ROUND ROCK ISD | http://schools.roundrockisd.org/unionhill,WILLIAMSON COUNTY,,http://schools.roundrockisd.org/unionhill,,none,not_found
,ROUND ROCK ISD | http://schools.roundrockisd.org/walsh,WILLIAMSON COUNTY,,http://schools.roundrockisd.org/walsh,,none,not_found
,ROUND ROCK ISD | http://schools.roundrockisd.org/wellsbranch,WILLIAMSON COUNTY,,http://schools.roundrockisd.org/wellsbranch,,none,not_found
,ROUND ROCK ISD | http://schools.roundrockisd.org/westwood,WILLIAMSON COUNTY,,http://schools.roundrockisd.org/westwood,,none,not_found
,ROUND ROCK ISD | http://schools.roundrockisd.org/xeniavoigt,WILLIAMSON COUNTY,,http://schools.roundrockisd.org/xeniavoigt,,none,not_found
,ROUND ROCK ISD | http://www.roundrockisd.org,WILLIAMSON COUNTY,,http://www.roundrockisd.org,,none,not_found
,ROUND ROCK ISD | http://www.roundrockisd.org/index.aspx?page=371,WILLIAMSON COUNTY,,http://www.roundrockisd.org/index.aspx?page=371,,none,not_found
,ROUND ROCK ISD | http://www.roundrockisd.org/index.aspx?page=3904,WILLIAMSON COUNTY,,http://www.roundrockisd.org/index.aspx?page=3904,,none,not_found
,ROUND TOP-CARMINE ISD | http://www.rtcisd.net,FAYETTE COUNTY,,http://www.rtcisd.net,http://www.rtcisd.net/staff,path,found
,ROYAL ISD | http://www.royal-isd.net,WALLER COUNTY,,http://www.royal-isd.net,http://www.royal-isd.net/staff,path,found
,ROYSE CITY ISD | http://www.rcisd.org,ROCKWALL COUNTY,,http://www.rcisd.org,http://www.rcisd.org/staff,path,found
,RULE ISD | http://www.rule.esc14.net,HASKELL COUNTY,,http://www.rule.esc14.net,,none,not_found
,RUNGE ISD | http://www.rungeisd.org,KARNES COUNTY,,http://www.rungeisd.org,,none,not_found
,RUSK ISD | http://www.ruskisd.net,CHEROKEE COUNTY,,http://www.ruskisd.net,,none,not_found
,S AND S CISD | http://www.sscisd.net,GRAYSON COUNTY,,http://www.sscisd.net,,none,not_found
,SABINAL ISD | http://www.sabinalisd.net,UVALDE COUNTY,,http://www.sabinalisd.net,http://www.sabinalisd.net/staff-directory,path,found
,SABINE ISD | http://www.sabineisd.org,GREGG COUNTY,,http://www.sabineisd.org,http://www.sabineisd.org/about-us/administration/administrative-office-staff,crawl,found
,SABINE PASS ISD | http://www.sabinepass.net,JEFFERSON COUNTY,,http://www.sabinepass.net,http://www.sabinepass.net/staff,path,found
,SAINT JO ISD | http://www.saintjoisd.net,MONTAGUE COUNTY,,http://www.saintjoisd.net,,none,not_found
,SALADO ISD | http://www.saladoisd.org,BELL COUNTY,,http://www.saladoisd.org,http://www.saladoisd.org/about-us/administration-directory,crawl,found
,SALTILLO ISD | http://www.saltilloisd.net,HOPKINS COUNTY,,http://www.saltilloisd.net,,none,not_found
,SAM RAYBURN ISD | http://www.samrayburnisd.com,FANNIN COUNTY,,http://www.samrayburnisd.com,,none,not_found
,SAN ANGELO ISD | http://saisd.org,TOM GREEN COUNTY,,http://saisd.org,http://saisd.org/departments/athletics/staff,crawl,found
,SAN ANGELO ISD | http://www.saisd.org,TOM GREEN COUNTY,,http://www.saisd.org,http://www.saisd.org/departments/athletics/staff,crawl,found
,SAN ANTONIO ISD | http://www.saisd.net,BEXAR COUNTY,,http://www.saisd.net,http://www.saisd.net/page/cte-staff-directory,crawl,found
,SAN ANTONIO SCHOOL FOR INQUIRY & CREATIVITY | http://www.thesanantonioschool.org,BEXAR COUNTY,,http://www.thesanantonioschool.org,,none,not_found
,SAN AUGUSTINE ISD | http://www.saisd.us,SAN AUGUSTINE COUNTY,,http://www.saisd.us,http://www.saisd.us/apps/staff/,crawl,found
,SAN BENITO CISD | http://www.sbcisd.net,CAMERON COUNTY,,http://www.sbcisd.net,http://www.sbcisd.net/staff,crawl,found
,SAN ELIZARIO ISD | http://www.seisd.net,EL PASO COUNTY,,http://www.seisd.net,http://www.seisd.net/departments/athletics/district-staff,crawl,found
,SAN ELIZARIO ISD | http://www.seisd.net/alarcon,EL PASO COUNTY,,http://www.seisd.net/alarcon,,none,not_found
,SAN ELIZARIO ISD | http://www.seisd.net/borrego,EL PASO COUNTY,,http://www.seisd.net/borrego,,none,not_found
,SAN ELIZARIO ISD | http://www.seisd.net/gems,EL PASO COUNTY,,http://www.seisd.net/gems,,none,not_found
,SAN ELIZARIO ISD | http://www.seisd.net/sambrano,EL PASO COUNTY,,http://www.seisd.net/sambrano,,none,not_found
,SAN FELIPE-DEL RIO CISD | http://www.sfdr-cisd.org,VAL VERDE COUNTY,,http://www.sfdr-cisd.org,http://www.sfdr-cisd.org/departments/department-directory/,crawl,found
,SAN ISIDRO ISD | http://www.sanisidroisd.org,STARR COUNTY,,http://www.sanisidroisd.org,,none,not_found
,SAN MARCOS CISD | http://smcisd.net,HAYS COUNTY,,http://smcisd.net,http://smcisd.net/staff-directory,path,found
,SAN MARCOS CISD | http://www.smcisd.net,HAYS COUNTY,,http://www.smcisd.net,http://www.smcisd.net/staff-directory,path,found
,SAN PERLITA ISD | http://www.spisd.org,WILLACY COUNTY,,http://www.spisd.org,,none,not_found
,SAN SABA ISD | http://www.san-saba.net,SAN SABA COUNTY,,http://www.san-saba.net,http://www.san-saba.net/apps/pages/index.jsp?uREC_ID=446417&type=d&pREC_ID=staff,crawl,found
,SANDS CISD | http://sands.esc17.net,DAWSON COUNTY,,http://sands.esc17.net,,none,not_found
,SANFORD-FRITCH ISD | http://www.sfisd.net,HUTCHINSON COUNTY,,http://www.sfisd.net,,none,not_found
,SANTA FE ISD | http://www.sfisd.org,GALVESTON COUNTY,,http://www.sfisd.org,http://www.sfisd.org/about-sfisd/faculty-and-staff,crawl,found
,SANTA GERTRUDIS ISD | http://www.sgisd.net,KLEBERG COUNTY,,http://www.sgisd.net,http://www.sgisd.net/apps/pages/index.jsp?uREC_ID=4452503&type=d&pREC_ID=2707891,crawl,found
,SANTA MARIA ISD | http://www.smisd.net,CAMERON COUNTY,,http://www.smisd.net,http://www.smisd.net/our-district/staff-directory,crawl,found
,SANTA ROSA ISD | http://www.srtx.org,CAMERON COUNTY,,http://www.srtx.org,http://www.srtx.org/about-us/directory,crawl,found
,SANTO ISD | http://santoisd.net,PALO PINTO COUNTY,,http://santoisd.net,http://santoisd.net/about-us/support-staff,crawl,found
,SANTO ISD | http://www.santoisd.net,PALO PINTO COUNTY,,http://www.santoisd.net,http://www.santoisd.net/about-us/support-staff,crawl,found
,SAVOY ISD | http://www.savoyisd.org,FANNIN COUNTY,,http://www.savoyisd.org,,none,not_found
,SCHERTZ-CIBOLO-U CITY ISD | http://www.scuc.txed.net,GUADALUPE COUNTY,,http://www.scuc.txed.net,,none,not_found
,SCHERTZ-CIBOLO-U CITY ISD | http://www.scuc.txed.net/AllisonSteele.cfm,GUADALUPE COUNTY,,http://www.scuc.txed.net/AllisonSteele.cfm,,none,not_found
,SCHERTZ-CIBOLO-U CITY ISD | http://www.scuc.txed.net/BarbaraJordan.cfm,GUADALUPE COUNTY,,http://www.scuc.txed.net/BarbaraJordan.cfm,,none,not_found
,SCHERTZ-CIBOLO-U CITY ISD | http://www.scuc.txed.net/ByronSteele.cfm,GUADALUPE COUNTY,,http://www.scuc.txed.net/ByronSteele.cfm,,none,not_found
,SCHERTZ-CIBOLO-U CITY ISD | http://www.scuc.txed.net/ElaineSchlather.cfm,GUADALUPE COUNTY,,http://www.scuc.txed.net/ElaineSchlather.cfm,,none,not_found
,SCHERTZ-CIBOLO-U CITY ISD | http://www.scuc.txed.net/FrankDobie.cfm,GUADALUPE COUNTY,,http://www.scuc.txed.net/FrankDobie.cfm,,none,not_found
,SCHERTZ-CIBOLO-U CITY ISD | http://www.scuc.txed.net/GreenValley.cfm,GUADALUPE COUNTY,,http://www.scuc.txed.net/GreenValley.cfm,,none,not_found
,SCHERTZ-CIBOLO-U CITY ISD | http://www.scuc.txed.net/JohnSippel.cfm,GUADALUPE COUNTY,,http://www.scuc.txed.net/JohnSippel.cfm,,none,not_found
,SCHERTZ-CIBOLO-U CITY ISD | http://www.scuc.txed.net/LauraWilder.cfm,GUADALUPE COUNTY,,http://www.scuc.txed.net/LauraWilder.cfm,,none,not_found
,SCHERTZ-CIBOLO-U CITY ISD | http://www.scuc.txed.net/MLWatts.cfm,GUADALUPE COUNTY,,http://www.scuc.txed.net/MLWatts.cfm,,none,not_found
,SCHERTZ-CIBOLO-U CITY ISD | http://www.scuc.txed.net/NormaPaschal.cfm,GUADALUPE COUNTY,,http://www.scuc.txed.net/NormaPaschal.cfm,,none,not_found
,SCHERTZ-CIBOLO-U CITY ISD | http://www.scuc.txed.net/OGWiederstein.cfm,GUADALUPE COUNTY,,http://www.scuc.txed.net/OGWiederstein.cfm,,none,not_found
,SCHERTZ-CIBOLO-U CITY ISD | http://www.scuc.txed.net/RayCorbett.cfm,GUADALUPE COUNTY,,http://www.scuc.txed.net/RayCorbett.cfm,,none,not_found
,SCHERTZ-CIBOLO-U CITY ISD | http://www.scuc.txed.net/RoseGarden.cfm,GUADALUPE COUNTY,,http://www.scuc.txed.net/RoseGarden.cfm,,none,not_found
,SCHERTZ-CIBOLO-U CITY ISD | http://www.scuc.txed.net/SamuelClemens.cfm,GUADALUPE COUNTY,,http://www.scuc.txed.net/SamuelClemens.cfm,,none,not_found
,SCHERTZ-CIBOLO-U CITY ISD | http://www.scuc.txed.net/Schertz.cfm,GUADALUPE COUNTY,,http://www.scuc.txed.net/Schertz.cfm,,none,not_found
,SCHLEICHER ISD | http://www.scisd.net,SCHLEICHER COUNTY,,http://www.scisd.net,http://www.scisd.net/staff,path,found
,SCHOOL OF EXCELLENCE IN EDUCATION | http://www.excellence-sa.org,BEXAR COUNTY,,http://www.excellence-sa.org,,none,not_found
,SCHOOL OF SCIENCE AND TECHNOLOGY DISCOVERY | http://www.sstcc.org,BEXAR COUNTY,,http://www.sstcc.org,,none,not_found
,SCHOOL OF SCIENCE AND TECHNOLOGY DISCOVERY | http://www.sstdiscovery.org,BEXAR COUNTY,,http://www.sstdiscovery.org,,none,not_found
,SCHOOL OF SCIENCE AND TECHNOLOGY | http://www.ssttx.org,BEXAR COUNTY,,http://www.ssttx.org,,none,not_found
,SCURRY-ROSSER ISD | http://www.scurry-rosser.com,KAUFMAN COUNTY,,http://www.scurry-rosser.com,http://www.scurry-rosser.com/staff,path,found
,SEALY ISD | http://sealyisd.com,AUSTIN COUNTY,,http://sealyisd.com,http://sealyisd.com/departments/curriculum___instruction/staff_resources,crawl,found
,SEGUIN ISD | http://www.seguin.k12.tx.us,GUADALUPE COUNTY,,http://www.seguin.k12.tx.us,,none,not_found
,SEMINOLE ISD | http://seminoleisd.net,GAINES COUNTY,,http://seminoleisd.net,http://seminoleisd.net/apps/staff/,crawl,found
,SEMINOLE ISD | http://www.seminoleisd.net,GAINES COUNTY,,http://www.seminoleisd.net,http://www.seminoleisd.net/apps/staff/,crawl,found
,SEYMOUR ISD | http://www.seymour-isd.net,BAYLOR COUNTY,,http://www.seymour-isd.net,,none,not_found
,SHALLOWATER ISD | http://shallowaterisd.net,LUBBOCK COUNTY,,http://shallowaterisd.net,,none,not_found
,SHALLOWATER ISD | http://www.shallowaterisd.net,LUBBOCK COUNTY,,http://www.shallowaterisd.net,,none,not_found
,SHAMROCK ISD | http://www.shamrockisd.net,WHEELER COUNTY,,http://www.shamrockisd.net,,none,not_found
,SHARYLAND ISD | http://www.sharylandisd.org,HIDALGO COUNTY,,http://www.sharylandisd.org,http://www.sharylandisd.org/faculty-staff-directory,crawl,found
,SHARYLAND ISD | http://www.sharylandisd.org/Domain/1343,HIDALGO COUNTY,,http://www.sharylandisd.org/Domain/1343,,none,not_found
,SHARYLAND ISD | http://www.sharylandisd.org/Domain/1434,HIDALGO COUNTY,,http://www.sharylandisd.org/Domain/1434,,none,not_found
,SHARYLAND ISD | http://www.sharylandisd.org/Domain/309,HIDALGO COUNTY,,http://www.sharylandisd.org/Domain/309,,none,not_found
,SHARYLAND ISD | http://www.sharylandisd.org/Domain/393,HIDALGO COUNTY,,http://www.sharylandisd.org/Domain/393,,none,not_found
,SHARYLAND ISD | http://www.sharylandisd.org/Domain/501,HIDALGO COUNTY,,http://www.sharylandisd.org/Domain/501,,none,not_found
,SHARYLAND ISD | http://www.sharylandisd.org/Domain/56,HIDALGO COUNTY,,http://www.sharylandisd.org/Domain/56,,none,not_found
,SHARYLAND ISD | http://www.sharylandisd.org/Domain/567,HIDALGO COUNTY,,http://www.sharylandisd.org/Domain/567,,none,not_found
,SHARYLAND ISD | http://www.sharylandisd.org/Domain/622,HIDALGO COUNTY,,http://www.sharylandisd.org/Domain/622,,none,not_found
,SHARYLAND ISD | http://www.sharylandisd.org/Domain/667,HIDALGO COUNTY,,http://www.sharylandisd.org/Domain/667,,none,not_found
,SHARYLAND ISD | http://www.sharylandisd.org/Domain/734,HIDALGO COUNTY,,http://www.sharylandisd.org/Domain/734,,none,not_found
,SHARYLAND ISD | http://www.sharylandisd.org/Domain/802,HIDALGO COUNTY,,http://www.sharylandisd.org/Domain/802,,none,not_found
,SHARYLAND ISD | http://www.sharylandisd.org/Domain/868,HIDALGO COUNTY,,http://www.sharylandisd.org/Domain/868,,none,not_found
,SHARYLAND ISD | http://www.sharylandisd.org/Domain/928,HIDALGO COUNTY,,http://www.sharylandisd.org/Domain/928,,none,not_found
,SHELBYVILLE ISD | http://www.shelbyville.k12.tx.us,SHELBY COUNTY,,http://www.shelbyville.k12.tx.us,,none,not_found
,SHELDON ISD | http://www.hcde-Texas.org,HARRIS COUNTY,,http://www.hcde-Texas.org,http://www.hcde-Texas.org/directory,path,found
,SHELDON ISD | http://www.sheldonisd.com,HARRIS COUNTY,,http://www.sheldonisd.com,http://www.sheldonisd.com/about-us/board-of-trustees/meet-the-members,crawl,found
,SHEPHERD ISD | http://www.shepherdisd.net,SAN JACINTO COUNTY,,http://www.shepherdisd.net,http://www.shepherdisd.net/staff,path,found
,SHERMAN ISD | http://www.shermanisd.net,GRAYSON COUNTY,,http://www.shermanisd.net,http://www.shermanisd.net/about/contact-us/staff-directory,crawl,found
,SHINER ISD | http://shinerisd.net,LAVACA COUNTY,,http://shinerisd.net,,none,not_found
,SHINER ISD | http://www.shinerisd.net,LAVACA COUNTY,,http://www.shinerisd.net,,none,not_found
,SIDNEY ISD | http://www.sidney.esc14.net,COMANCHE COUNTY,,http://www.sidney.esc14.net,http://www.sidney.esc14.net/page/staff_directory,crawl,found
,SIERRA BLANCA ISD | http://sierrablancaisd.net,HUDSPETH COUNTY,,http://sierrablancaisd.net,http://sierrablancaisd.net/directory,path,found
,SILSBEE ISD | http://silsbeeisd.org,HARDIN COUNTY,,http://silsbeeisd.org,http://silsbeeisd.org/about-us/about-us/silsbee-isd-directory,crawl,found
,SILSBEE ISD | http://www.silsbeeisd.org,HARDIN COUNTY,,http://www.silsbeeisd.org,http://www.silsbeeisd.org/about-us/about-us/silsbee-isd-directory,crawl,found
,SILVERTON ISD | http://www.silvertonisd.net,BRISCOE COUNTY,,http://www.silvertonisd.net,,none,not_found
,SIMMS ISD | http://www.simmsisd.net,BOWIE COUNTY,,http://www.simmsisd.net,,none,not_found
,SINTON ISD | http://www.sintonisd.net,SAN PATRICIO COUNTY,,http://www.sintonisd.net,,none,not_found
,SIVELLS BEND ISD | http://www.sivellsbendisd.net,COOKE COUNTY,,http://www.sivellsbendisd.net,http://www.sivellsbendisd.net/staff,path,found
,SLATON ISD | http://www.slatonisd.net,LUBBOCK COUNTY,,http://www.slatonisd.net,,none,not_found
,SLIDELL ISD | http://www.slidellisd.net,WISE COUNTY,,http://www.slidellisd.net,http://www.slidellisd.net/administration,crawl,found
,SLOCUM ISD | http://www.slocumisd.org,ANDERSON COUNTY,,http://www.slocumisd.org,http://www.slocumisd.org/staff-directory,path,found
,SMITHVILLE ISD | http://www.smithvilleisd.org,BASTROP COUNTY,,http://www.smithvilleisd.org,http://www.smithvilleisd.org/staff,path,found
,SMYER ISD | http://www.smyer-isd.org,HOCKLEY COUNTY,,http://www.smyer-isd.org,,none,not_found
,SNYDER ISD | http://www.snyderisd.net,SCURRY COUNTY,,http://www.snyderisd.net,http://www.snyderisd.net/staff,path,found
,SOCORRO ISD | http://www.sisd.net,EL PASO COUNTY,,http://www.sisd.net,http://www.sisd.net/staff,path,found
,SOMERSET ISD | http://www.sisdk12.net,BEXAR COUNTY,,http://www.sisdk12.net,http://www.sisdk12.net/staff,path,found
,SOMERSET ISD | http://www.sisdtx.sharpschool.com,BEXAR COUNTY,,http://www.sisdtx.sharpschool.com,,none,not_found
,SOMERVILLE ISD | http://somervilleisd.org,BURLESON COUNTY,,http://somervilleisd.org,http://somervilleisd.org/staff,path,found
,SONORA ISD | http://www.sonoraisd.net,SUTTON COUNTY,,http://www.sonoraisd.net,http://www.sonoraisd.net/staff,crawl,found
,SOUTH SAN ANTONIO ISD | http://www.southsanisd.net,BEXAR COUNTY,,http://www.southsanisd.net,http://www.southsanisd.net/about-us/our-programs/fine-arts/fine-arts-staff,crawl,found
,SOUTH SAN ANTONIO ISD | http://www.southsanisd.net/AbrahamKazen.cfm?subpage=2043,BEXAR COUNTY,,http://www.southsanisd.net/AbrahamKazen.cfm?subpage=2043,,none,not_found
,SOUTH SAN ANTONIO ISD | http://www.southsanisd.net/AlanShepard.cfm?subpage=2045,BEXAR COUNTY,,http://www.southsanisd.net/AlanShepard.cfm?subpage=2045,,none,not_found
,SOUTH SAN ANTONIO ISD | http://www.southsanisd.net/AlternativeCenter.cfm?subpage=2053,BEXAR COUNTY,,http://www.southsanisd.net/AlternativeCenter.cfm?subpage=2053,,none,not_found
,SOUTH SAN ANTONIO ISD | http://www.southsanisd.net/Athens.cfm?subpage=2023,BEXAR COUNTY,,http://www.southsanisd.net/Athens.cfm?subpage=2023,,none,not_found
,SOUTH SAN ANTONIO ISD | http://www.southsanisd.net/CareerCenter.cfm?subpage=2055,BEXAR COUNTY,,http://www.southsanisd.net/CareerCenter.cfm?subpage=2055,,none,not_found
,SOUTH SAN ANTONIO ISD | http://www.southsanisd.net/Dwight.cfm?subpage=2047,BEXAR COUNTY,,http://www.southsanisd.net/Dwight.cfm?subpage=2047,,none,not_found
,SOUTH SAN ANTONIO ISD | http://www.southsanisd.net/FivePalms.cfm?subpage=2025,BEXAR COUNTY,,http://www.southsanisd.net/FivePalms.cfm?subpage=2025,,none,not_found
,SOUTH SAN ANTONIO ISD | http://www.southsanisd.net/FrankMadla.cfm?subpage=2027,BEXAR COUNTY,,http://www.southsanisd.net/FrankMadla.cfm?subpage=2027,,none,not_found
,SOUTH SAN ANTONIO ISD | http://www.southsanisd.net/HighSchool.cfm?subpage=2051,BEXAR COUNTY,,http://www.southsanisd.net/HighSchool.cfm?subpage=2051,,none,not_found
,SOUTH SAN ANTONIO ISD | http://www.southsanisd.net/Hutchins.cfm?subpage=2029,BEXAR COUNTY,,http://www.southsanisd.net/Hutchins.cfm?subpage=2029,,none,not_found
,SOUTH SAN ANTONIO ISD | http://www.southsanisd.net/Kindred.cfm?subpage=2031,BEXAR COUNTY,,http://www.southsanisd.net/Kindred.cfm?subpage=2031,,none,not_found
,SOUTH SAN ANTONIO ISD | http://www.southsanisd.net/MiguelCarrillo.cfm?subpage=2033,BEXAR COUNTY,,http://www.southsanisd.net/MiguelCarrillo.cfm?subpage=2033,,none,not_found
,SOUTH SAN ANTONIO ISD | http://www.southsanisd.net/NeilArmstrong.cfm?subpage=2035,BEXAR COUNTY,,http://www.southsanisd.net/NeilArmstrong.cfm?subpage=2035,,none,not_found
,SOUTH SAN ANTONIO ISD | http://www.southsanisd.net/PaloAlto.cfm?subpage=2037,BEXAR COUNTY,,http://www.southsanisd.net/PaloAlto.cfm?subpage=2037,,none,not_found
,SOUTH SAN ANTONIO ISD | http://www.southsanisd.net/Price.cfm?subpage=2039,BEXAR COUNTY,,http://www.southsanisd.net/Price.cfm?subpage=2039,,none,not_found
,SOUTH SAN ANTONIO ISD | http://www.southsanisd.net/RobertZamora.cfm?subpage=2049,BEXAR COUNTY,,http://www.southsanisd.net/RobertZamora.cfm?subpage=2049,,none,not_found
,SOUTH SAN ANTONIO ISD | http://www.southsanisd.net/RoyBenavidez.cfm?subpage=2041,BEXAR COUNTY,,http://www.southsanisd.net/RoyBenavidez.cfm?subpage=2041,,none,not_found
,SOUTH TEXAS ISD | http://www.stisd.net,CAMERON COUNTY,,http://www.stisd.net,http://www.stisd.net/facultystaff,crawl,found
,SOUTHLAND ISD | http://www.southlandisd.net,GARZA COUNTY,,http://www.southlandisd.net,,none,not_found
,SOUTHSIDE ISD | http://www.southsideisd.org,BEXAR COUNTY,,http://www.southsideisd.org,http://www.southsideisd.org/staff,path,found
,SOUTHWEST ISD | http://www.swisd.net,BEXAR COUNTY,,http://www.swisd.net,http://www.swisd.net/apps/staff/,crawl,found
,SOUTHWEST PREPARATORY SCHOOL | http://www.swprep.org,BEXAR COUNTY,,http://www.swprep.org,http://www.swprep.org/apps/pages/index.jsp?uREC_ID=1291679&type=d&pREC_ID=2698499,crawl,found
,SOUTHWEST SCHOOL | http://www.swschools.org,HARRIS COUNTY,,http://www.swschools.org,http://www.swschools.org/staff,path,found
,SPEARMAN ISD | http://www.spearmanisd.net,HANSFORD COUNTY,,http://www.spearmanisd.net,http://www.spearmanisd.net/staff,path,found
,SPLENDORA ISD | http://juvdet.conroeisd.net,MONTGOMERY COUNTY,,http://juvdet.conroeisd.net,,none,not_found
,SPLENDORA ISD | http://www.splendoraisd.org,MONTGOMERY COUNTY,,http://www.splendoraisd.org,,none,not_found
,SPRING BRANCH ISD | http://bce.springbranchisd.com,HARRIS COUNTY,,http://bce.springbranchisd.com,http://bce.springbranchisd.com/staff,path,found
,SPRING BRANCH ISD | http://bhe.springbranchisd.com,HARRIS COUNTY,,http://bhe.springbranchisd.com,http://bhe.springbranchisd.com/staff,path,found
,SPRING BRANCH ISD | http://bwe.springbranchisd.com,HARRIS COUNTY,,http://bwe.springbranchisd.com,,none,not_found
,SPRING BRANCH ISD | http://cbe.springbranchisd.com,HARRIS COUNTY,,http://cbe.springbranchisd.com,http://cbe.springbranchisd.com/staff,path,found
,SPRING BRANCH ISD | http://csa.springbranchisd.com,HARRIS COUNTY,,http://csa.springbranchisd.com,http://csa.springbranchisd.com/staff,path,found
,SPRING BRANCH ISD | http://ewe.springbranchisd.com,HARRIS COUNTY,,http://ewe.springbranchisd.com,http://ewe.springbranchisd.com/staff,path,found
,SPRING BRANCH ISD | http://fwe.springbranchisd.com,HARRIS COUNTY,,http://fwe.springbranchisd.com,http://fwe.springbranchisd.com/staff,path,found
,SPRING BRANCH ISD | http://guthriecenter.springbranchisd.com,HARRIS COUNTY,,http://guthriecenter.springbranchisd.com,http://guthriecenter.springbranchisd.com/staff,path,found
,SPRING BRANCH ISD | http://hbe.springbranchisd.com,HARRIS COUNTY,,http://hbe.springbranchisd.com,http://hbe.springbranchisd.com/staff,path,found
,SPRING BRANCH ISD | http://hce.springbranchisd.com,HARRIS COUNTY,,http://hce.springbranchisd.com,http://hce.springbranchisd.com/staff,path,found
,SPRING BRANCH ISD | http://lms.springbranchisd.com,HARRIS COUNTY,,http://lms.springbranchisd.com,http://lms.springbranchisd.com/staff,path,found
,SPRING BRANCH ISD | http://mde.springbranchisd.com,HARRIS COUNTY,,http://mde.springbranchisd.com,http://mde.springbranchisd.com/staff,path,found
,SPRING BRANCH ISD | http://mhs.springbranchisd.com,HARRIS COUNTY,,http://mhs.springbranchisd.com,http://mhs.springbranchisd.com/staff,path,found
,SPRING BRANCH ISD | http://mms.springbranchisd.com,HARRIS COUNTY,,http://mms.springbranchisd.com,http://mms.springbranchisd.com/staff,path,found
,SPRING BRANCH ISD | http://mwe.springbranchisd.com,HARRIS COUNTY,,http://mwe.springbranchisd.com,http://mwe.springbranchisd.com/staff,path,found
,SPRING BRANCH ISD | http://nhe.springbranchisd.com,HARRIS COUNTY,,http://nhe.springbranchisd.com,http://nhe.springbranchisd.com/staff,path,found
,SPRING BRANCH ISD | http://nhs.springbranchisd.com,HARRIS COUNTY,,http://nhs.springbranchisd.com,http://nhs.springbranchisd.com/staff,path,found
,SPRING BRANCH ISD | http://nms.springbranchisd.com,HARRIS COUNTY,,http://nms.springbranchisd.com,http://nms.springbranchisd.com/staff,path,found
,SPRING BRANCH ISD | http://pse.springbranchisd.com,HARRIS COUNTY,,http://pse.springbranchisd.com,http://pse.springbranchisd.com/staff,path,found
,SPRING BRANCH ISD | http://rce.springbranchisd.com,HARRIS COUNTY,,http://rce.springbranchisd.com,http://rce.springbranchisd.com/staff,path,found
,SPRING BRANCH ISD | http://rge.springbranchisd.com,HARRIS COUNTY,,http://rge.springbranchisd.com,http://rge.springbranchisd.com/staff,path,found
,SPRING BRANCH ISD | http://sbe.springbranchisd.com,HARRIS COUNTY,,http://sbe.springbranchisd.com,http://sbe.springbranchisd.com/staff,path,found
,SPRING BRANCH ISD | http://sbm.springbranchisd.com,HARRIS COUNTY,,http://sbm.springbranchisd.com,http://sbm.springbranchisd.com/staff,path,found
,SPRING BRANCH ISD | http://soe.springbranchisd.com,HARRIS COUNTY,,http://soe.springbranchisd.com,http://soe.springbranchisd.com/staff,path,found
,SPRING BRANCH ISD | http://springbranchisd.com/TFE,HARRIS COUNTY,,http://springbranchisd.com/TFE,,none,not_found
,SPRING BRANCH ISD | http://springbranchisd.com/TWE,HARRIS COUNTY,,http://springbranchisd.com/TWE,,none,not_found
,SPRING BRANCH ISD | http://sse.springbranchisd.com,HARRIS COUNTY,,http://sse.springbranchisd.com,,none,not_found
,SPRING BRANCH ISD | http://swe.springbranchisd.com,HARRIS COUNTY,,http://swe.springbranchisd.com,http://swe.springbranchisd.com/staff,path,found
,SPRING BRANCH ISD | http://tce.springbranchisd.com,HARRIS COUNTY,,http://tce.springbranchisd.com,http://tce.springbranchisd.com/staff,path,found
,SPRING BRANCH ISD | http://wais.springbranchisd.com,HARRIS COUNTY,,http://wais.springbranchisd.com,http://wais.springbranchisd.com/staff,path,found
,SPRING BRANCH ISD | http://wce.springbranchisd.com,HARRIS COUNTY,,http://wce.springbranchisd.com,http://wce.springbranchisd.com/staff,path,found
,SPRING BRANCH ISD | http://wve.springbranchisd.com,HARRIS COUNTY,,http://wve.springbranchisd.com,http://wve.springbranchisd.com/staff,path,found
,SPRING BRANCH ISD | http://wwe.springbranchisd.com,HARRIS COUNTY,,http://wwe.springbranchisd.com,http://wwe.springbranchisd.com/staff,path,found
,SPRING BRANCH ISD | http://www.springbranchisd.com,HARRIS COUNTY,,http://www.springbranchisd.com,http://www.springbranchisd.com/staff,path,found
,SPRING BRANCH ISD | http://www.springbranchisd.com/VOE,HARRIS COUNTY,,http://www.springbranchisd.com/VOE,,none,not_found
,SPRING BRANCH ISD | http://www.springbranchisd.com/schools/schools.htm,HARRIS COUNTY,,http://www.springbranchisd.com/schools/schools.htm,,none,not_found
,SPRING CREEK ISD | http://www.springcreekisd.net,HUTCHINSON COUNTY,,http://www.springcreekisd.net,http://www.springcreekisd.net/apps/staff.html,crawl,found
,SPRING HILL ISD | http://www.shisd.net,GREGG COUNTY,,http://www.shisd.net,,none,not_found
,SPRING ISD | http://classroom.springisd.org/webs/blm.campus,HARRIS COUNTY,,http://classroom.springisd.org/webs/blm.campus,,none,not_found
,SPRING ISD | http://classroom.springisd.org/webs/lee.campus,HARRIS COUNTY,,http://classroom.springisd.org/webs/lee.campus,,none,not_found
,SPRING ISD | http://classroom.springisd.org/webs/mce.campus,HARRIS COUNTY,,http://classroom.springisd.org/webs/mce.campus,,none,not_found
,SPRING ISD | http://www.springisd.org,HARRIS COUNTY,,http://www.springisd.org,,none,not_found
,SPRING ISD | http://www.springisd.org/COO,HARRIS COUNTY,,http://www.springisd.org/COO,,none,not_found
,SPRING ISD | http://www.springisd.org/aes,HARRIS COUNTY,,http://www.springisd.org/aes,,none,not_found
,SPRING ISD | http://www.springisd.org/baes,HARRIS COUNTY,,http://www.springisd.org/baes,,none,not_found
,SPRING ISD | http://www.springisd.org/bammel,HARRIS COUNTY,,http://www.springisd.org/bammel,,none,not_found
,SPRING ISD | http://www.springisd.org/bees,HARRIS COUNTY,,http://www.springisd.org/bees,,none,not_found
,SPRING ISD | http://www.springisd.org/booker,HARRIS COUNTY,,http://www.springisd.org/booker,,none,not_found
,SPRING ISD | http://www.springisd.org/clarki,HARRIS COUNTY,,http://www.springisd.org/clarki,,none,not_found
,SPRING ISD | http://www.springisd.org/claughton,HARRIS COUNTY,,http://www.springisd.org/claughton,,none,not_found
,SPRING ISD | http://www.springisd.org/dhs,HARRIS COUNTY,,http://www.springisd.org/dhs,,none,not_found
,SPRING ISD | http://www.springisd.org/dms,HARRIS COUNTY,,http://www.springisd.org/dms,,none,not_found
,SPRING ISD | http://www.springisd.org/hees,HARRIS COUNTY,,http://www.springisd.org/hees,,none,not_found
,SPRING ISD | http://www.springisd.org/hes,HARRIS COUNTY,,http://www.springisd.org/hes,,none,not_found
,SPRING ISD | http://www.springisd.org/jes,HARRIS COUNTY,,http://www.springisd.org/jes,,none,not_found
,SPRING ISD | http://www.springisd.org/les,HARRIS COUNTY,,http://www.springisd.org/les,,none,not_found
,SPRING ISD | http://www.springisd.org/mes,HARRIS COUNTY,,http://www.springisd.org/mes,,none,not_found
,SPRING ISD | http://www.springisd.org/northgate,HARRIS COUNTY,,http://www.springisd.org/northgate,,none,not_found
,SPRING ISD | http://www.springisd.org/oces,HARRIS COUNTY,,http://www.springisd.org/oces,,none,not_found
,SPRING ISD | http://www.springisd.org/pes,HARRIS COUNTY,,http://www.springisd.org/pes,,none,not_found
,SPRING ISD | http://www.springisd.org/salyers,HARRIS COUNTY,,http://www.springisd.org/salyers,,none,not_found
,SPRING ISD | http://www.springisd.org/shs,HARRIS COUNTY,,http://www.springisd.org/shs,,none,not_found
,SPRING ISD | http://www.springisd.org/smes,HARRIS COUNTY,,http://www.springisd.org/smes,,none,not_found
,SPRING ISD | http://www.springisd.org/tes,HARRIS COUNTY,,http://www.springisd.org/tes,,none,not_found
,SPRING ISD | http://www.springisd.org/twincreeks,HARRIS COUNTY,,http://www.springisd.org/twincreeks,,none,not_found
,SPRING ISD | http://www.springisd.org/wes,HARRIS COUNTY,,http://www.springisd.org/wes,,none,not_found
,SPRING ISD | http://www.springisd.org/whs,HARRIS COUNTY,,http://www.springisd.org/whs,,none,not_found
,SPRING ISD | http://www.springisd.org/wms,HARRIS COUNTY,,http://www.springisd.org/wms,,none,not_found
,SPRINGLAKE-EARTH ISD | http://springlake-earth.org,LAMB COUNTY,,http://springlake-earth.org,http://www.springlake-earth.org/directory.html,crawl,found
,SPRINGLAKE-EARTH ISD | http://www.springlake-earth.org,LAMB COUNTY,,http://www.springlake-earth.org,http://www.springlake-earth.org/directory.html,crawl,found
,SPRINGTOWN ISD | http://www.springtownisd.net,PARKER COUNTY,,http://www.springtownisd.net,http://www.springtownisd.net/staff,path,found
,SPUR ISD | http://www.spurbulldogs.com,DICKENS COUNTY,,http://www.spurbulldogs.com,http://www.spurbulldogs.com/staff,path,found
,SPURGER ISD | http://www.spurgerisd.org,TYLER COUNTY,,http://www.spurgerisd.org,http://www.spurgerisd.org/staff,path,found
,ST MARY'S ACADEMY CHARTER SCHOOL | http://www.smacs.net,BEE COUNTY,,http://www.smacs.net,,none,not_found
,STAFFORD MSD | http://staffordmsd.org,FORT BEND COUNTY,,http://staffordmsd.org,http://staffordmsd.org/meet-stafford,crawl,found
,STAFFORD MSD | http://www.staffordmsd.org,FORT BEND COUNTY,,http://www.staffordmsd.org,http://www.staffordmsd.org/meet-stafford,crawl,found
,STAMFORD ISD | http://www.stamford.esc14.net,JONES COUNTY,,http://www.stamford.esc14.net,,none,not_found
,STANTON ISD | http://www.stanton.esc18.net,MARTIN COUNTY,,http://www.stanton.esc18.net,http://www.stanton.esc18.net/staff,path,found
,STEPHEN F AUSTIN STATE UNIVERSITY CHARTER SCHOOL | http://www.sfasu.edu/charter_school,NACOGDOCHES COUNTY,,http://www.sfasu.edu/charter_school,,none,not_found
,STEPHENVILLE ISD | http://www.sville.us,ERATH COUNTY,,http://www.sville.us,http://www.sville.us/apps/pages/index.jsp?uREC_ID=2046385&type=d,crawl,found
,STERLING CITY ISD | http://www.sterlingcityisd.net,STERLING COUNTY,,http://www.sterlingcityisd.net,http://www.sterlingcityisd.net/staff,path,found
,STOCKDALE ISD | http://10.1.2.5,WILSON COUNTY,,http://10.1.2.5,,none,not_found
,STRATFORD ISD | http://www.stratfordisd.net,SHERMAN COUNTY,,http://www.stratfordisd.net,,none,not_found
,STRAWN ISD | http://www.strawnschool.net,PALO PINTO COUNTY,,http://www.strawnschool.net,http://www.strawnschool.net/staff,path,found
,SUDAN ISD | http://www.sudanisd.net,LAMB COUNTY,,http://www.sudanisd.net,http://www.sudanisd.net/directory.asp,crawl,found
,SULPHUR BLUFF ISD | http://www.sulphurbluffisd.net,HOPKINS COUNTY,,http://www.sulphurbluffisd.net,,none,not_found
,SULPHUR SPRINGS ISD | http://schools.ssisd.net/default.aspx?name=bes.homepage,HOPKINS COUNTY,,http://schools.ssisd.net/default.aspx?name=bes.homepage,,none,not_found
,SULPHUR SPRINGS ISD | http://schools.ssisd.net/default.aspx?name=les.homepage,HOPKINS COUNTY,,http://schools.ssisd.net/default.aspx?name=les.homepage,,none,not_found
,SULPHUR SPRINGS ISD | http://www.ssisd.net,HOPKINS COUNTY,,http://www.ssisd.net,http://www.ssisd.net/about-ssisd/directory,crawl,found
,SUNDOWN ISD | http://www.sundownisd.com,HOCKLEY COUNTY,,http://www.sundownisd.com,http://www.sundownisd.com/staff,path,found
,SUNNYVALE ISD | http://www.sunnyvaleisd.com,DALLAS COUNTY,,http://www.sunnyvaleisd.com,http://www.sunnyvaleisd.com/staff,path,found
,SWEENY ISD | http://www.sweenyisd.org,BRAZORIA COUNTY,,http://www.sweenyisd.org,http://www.sweenyisd.org/our-district/directory,crawl,found
,SWEET HOME ISD | http://www.sweethomeisd.org,LAVACA COUNTY,,http://www.sweethomeisd.org,,none,not_found
,SWEETWATER ISD | http://www.sweetwaterisd.net,NOLAN COUNTY,,http://www.sweetwaterisd.net,http://www.sweetwaterisd.net/staff,path,found
,TAFT ISD | http://taftisd.net,SAN PATRICIO COUNTY,,http://taftisd.net,http://taftisd.net/staff,path,found
,TAFT ISD | http://www.taftisd.net,SAN PATRICIO COUNTY,,http://www.taftisd.net,http://www.taftisd.net/staff,path,found
,TAHOKA ISD | http://www.tahokaisd.us,LYNN COUNTY,,http://www.tahokaisd.us,,none,not_found
,TARKINGTON ISD | http://www.tarkingtonisd.net,LIBERTY COUNTY,,http://www.tarkingtonisd.net,http://www.tarkingtonisd.net/about-tisd/faculty-and-staff-directory,crawl,found
,TATUM ISD | http://www.tatumisd.org,RUSK COUNTY,,http://www.tatumisd.org,http://www.tatumisd.org/staff,path,found
,TAYLOR ISD | http://www.taylorisd.org,WILLIAMSON COUNTY,,http://www.taylorisd.org,,none,not_found
,TEAGUE ISD | http://www.teagueisd.org,FREESTONE COUNTY,,http://www.teagueisd.org,,none,not_found
,TEKOA ACADEMY OF ACCELERATED STUDIES STEM SCHOOL | http://tekoacharterschool.org,JEFFERSON COUNTY,,http://tekoacharterschool.org,,none,not_found
,TEMPLE ISD | http://www.tisd.org,BELL COUNTY,,http://www.tisd.org,http://www.tisd.org/apps/staff,crawl,found
,TENAHA ISD | http://www.tenahaisd.com,SHELBY COUNTY,,http://www.tenahaisd.com,http://www.tenahaisd.com/staff,path,found
,TERLINGUA CSD | http://www.terlinguacsd.com,BREWSTER COUNTY,,http://www.terlinguacsd.com,,none,not_found
,TERRELL COUNTY ISD | http://terrell.esc18.net,TERRELL COUNTY,,http://terrell.esc18.net,http://terrell.esc18.net/directory,path,found
,TERRELL ISD | http://terrellisd.com/School-BruceWood.htm,KAUFMAN COUNTY,,http://terrellisd.com/School-BruceWood.htm,,none,not_found
,TERRELL ISD | http://terrellisd.com/School-ChildAdolescent.ht,KAUFMAN COUNTY,,http://terrellisd.com/School-ChildAdolescent.ht,,none,not_found
,TERRELL ISD | http://terrellisd.com/School-HermanFurlough.htm,KAUFMAN COUNTY,,http://terrellisd.com/School-HermanFurlough.htm,,none,not_found
,TERRELL ISD | http://terrellisd.com/School-JFKennedy.htm,KAUFMAN COUNTY,,http://terrellisd.com/School-JFKennedy.htm,,none,not_found
,TERRELL ISD | http://terrellisd.com/School-JWLong.htm,KAUFMAN COUNTY,,http://terrellisd.com/School-JWLong.htm,,none,not_found
,TERRELL ISD | http://terrellisd.com/School-TerrellHighSchool.,KAUFMAN COUNTY,,http://terrellisd.com/School-TerrellHighSchool.,,none,not_found
,TERRELL ISD | http://terrellisd.com/School-WHBurnett.htm,KAUFMAN COUNTY,,http://terrellisd.com/School-WHBurnett.htm,,none,not_found
,TERRELL ISD | http://www.terrellisd.org,KAUFMAN COUNTY,,http://www.terrellisd.org,http://www.terrellisd.org/o/tisd/page/careers,crawl,found
,TEXANS CAN ACADEMIES | http://www.texanscan.org,DALLAS COUNTY,,http://www.texanscan.org,http://www.texanscan.org/staff,path,found
,TEXARKANA ISD | http://www.txkisd.net,BOWIE COUNTY,,http://www.txkisd.net,http://www.txkisd.net/staff-directory,path,found
,TEXAS ACADEMY OF LEADERSHIP IN THE HUMANITIES | http://www.lamar.edu/texasacademy,JEFFERSON COUNTY,,http://www.lamar.edu/texasacademy,https://www.lamar.edu/directory,crawl,found
,TEXAS CITY ISD | http://www.tcisd.org,GALVESTON COUNTY,,http://www.tcisd.org,http://www.tcisd.org/about/staff-directory,path,found
,TEXAS CITY ISD | http://www.tcisd.org/index.aspx?nid=149,GALVESTON COUNTY,,http://www.tcisd.org/index.aspx?nid=149,,none,not_found
,TEXAS COLLEGE PREPARATORY ACADEMIES | http://www.responsiveed.com,TAYLOR COUNTY,,http://www.responsiveed.com,,none,not_found
,TEXAS JUVENILE JUSTICE DEPARTMENT | http://www.tjjd.texas.gov,TRAVIS COUNTY,,http://www.tjjd.texas.gov,https://www2.tjjd.texas.gov/publications/other/searchjuvprobdirectory.aspx,crawl,found
,TEXAS LEADERSHIP | http://texasleadershipmidland.com,TOM GREEN COUNTY,,http://texasleadershipmidland.com,http://texasleadershipmidland.com/staff/staff-directory,crawl,found
,TEXAS LEADERSHIP | http://tlca-sanangelo.com,TOM GREEN COUNTY,,http://tlca-sanangelo.com,http://tlca-sanangelo.com/about-us/staff,crawl,found
,TEXAS LEADERSHIP | http://www.tlca-sa.com,TOM GREEN COUNTY,,http://www.tlca-sa.com,http://www.tlca-sa.com/about-us/staff,crawl,found
,TEXAS PREPARATORY SCHOOL | http://www.texasprep.us,HAYS COUNTY,,http://www.texasprep.us,,none,not_found
,TEXAS SCH FOR THE BLIND & VISUALLY IMPAIRED | http://www.tsbvi.edu,TRAVIS COUNTY,,http://www.tsbvi.edu,,none,not_found
,TEXAS SCH FOR THE DEAF | http://www.tsd.state.tx.us,TRAVIS COUNTY,,http://www.tsd.state.tx.us,http://www.tsd.state.tx.us/apps/pages/index.jsp?uREC_ID=170310&type=d&pREC_ID=360316,crawl,found
,TEXAS SERENITY ACADEMY | http://www.texasserenityacademy.net,MONTGOMERY COUNTY,,http://www.texasserenityacademy.net,,none,not_found
,TEXAS TECH UNIVERSITY HIGH SCHOOL | http://www.k12.ttu.edu,LUBBOCK COUNTY,,http://www.k12.ttu.edu,https://www.depts.ttu.edu/k12/about/staff/BraxtonAllison.php,crawl,found
,TEXHOMA ISD | http://texhomaisd.net,SHERMAN COUNTY,,http://texhomaisd.net,http://texhomaisd.net/staff,path,found
,TEXLINE ISD | http://texlineisd.net,DALLAM COUNTY,,http://texlineisd.net,http://texlineisd.net/staff,crawl,found
,THE PRO-VISION ACADEMY | http://www.provision-inc.org,HARRIS COUNTY,,http://www.provision-inc.org,https://provision-inc.org/staff-resources/,crawl,found
,THE RHODES SCHOOL | http://www.rhodesschool.org,HARRIS COUNTY,,http://www.rhodesschool.org,https://rhodesschool.org/meet-the-crew/,crawl,found
,THORNDALE ISD | http://www.thorndale.txed.net,MILAM COUNTY,,http://www.thorndale.txed.net,,none,not_found
,THRALL ISD | http://www.thrallisd.com,WILLIAMSON COUNTY,,http://www.thrallisd.com,http://www.thrallisd.com/page/athletic-staff-directory,crawl,found
,THREE RIVERS ISD | http://www.trisd.org,LIVE OAK COUNTY,,http://www.trisd.org,http://www.trisd.org/staff,path,found
,THREE WAY ISD | http://www.twisd.us,ERATH COUNTY,,http://www.twisd.us,,none,not_found
,THROCKMORTON ISD | http://www.throck.org,THROCKMORTON COUNTY,,http://www.throck.org,http://www.throck.org/staff,path,found
,TIDEHAVEN ISD | http://www.tidehavenisd.com,MATAGORDA COUNTY,,http://www.tidehavenisd.com,http://www.tidehavenisd.com/district-staff-directory,crawl,found
,TIOGA ISD | http://www.tiogaisd.net,GRAYSON COUNTY,,http://www.tiogaisd.net,,none,not_found
,TOLAR ISD | http://www.tolarisd.org,HOOD COUNTY,,http://www.tolarisd.org,http://www.tolarisd.org/staff-directory,path,found
,TOM BEAN ISD | http://www.tombean-isd.org,GRAYSON COUNTY,,http://www.tombean-isd.org,,none,not_found
,TOMBALL ISD | http://tces.tomballisd.net,HARRIS COUNTY,,http://tces.tomballisd.net,https://www.tomballisd.net/about-tisd/campus-directory/tomball-innovation-center,crawl,found
,TOMBALL ISD | http://www.tomballisd.net,HARRIS COUNTY,,http://www.tomballisd.net,http://www.tomballisd.net/directory,path,found
,TORNILLO ISD | http://www.tisd.us,EL PASO COUNTY,,http://www.tisd.us,http://www.tisd.us/staff,path,found
,TREETOPS SCHOOL INTERNATIONAL | http://www.treetops.org,TARRANT COUNTY,,http://www.treetops.org,http://www.treetops.org/staff,path,found
,TRENT ISD | http://www.trent.esc14.net,TAYLOR COUNTY,,http://www.trent.esc14.net,,none,not_found
,TRENTON ISD | http://www.trentonisd.com,FANNIN COUNTY,,http://www.trentonisd.com,http://www.trentonisd.com/o/tisd/page/tisd-staff-rsources,crawl,found
,TRINIDAD ISD | http://www.trinidadisd.com,HENDERSON COUNTY,,http://www.trinidadisd.com,http://www.trinidadisd.com/staff,path,found
,TRINITY ISD | http://www.trinityisd.net,TRINITY COUNTY,,http://www.trinityisd.net,https://www.trinityisd.net/apps/staff/,crawl,found
,TROUP ISD | http://www.troupisd.org,SMITH COUNTY,,http://www.troupisd.org,http://www.troupisd.org/apps/staff/,crawl,found
,TROY ISD | http://www.troyisd.org,BELL COUNTY,,http://www.troyisd.org,,none,not_found
,TULIA ISD | http://www.tuliaisd.net,SWISHER COUNTY,,http://www.tuliaisd.net,http://www.tuliaisd.net/staff,path,found
,TULOSO-MIDWAY ISD | http://www.tmisd.us,NUECES COUNTY,,http://www.tmisd.us,,none,not_found
,TURKEY-QUITAQUE ISD | http://www.valleypatriots.com,HALL COUNTY,,http://www.valleypatriots.com,,none,not_found
,TWO DIMENSIONS PREPARATORY ACADEMY | http://www.twodimensions.org,HARRIS COUNTY,,http://www.twodimensions.org,http://www.twodimensions.org/apps/staff/,crawl,found
,TYLER ISD | http://www.tylerisd.org,SMITH COUNTY,,http://www.tylerisd.org,http://www.tylerisd.org/staff,path,found
,UME PREPARATORY ACADEMY | http://www.umeprep.org,DALLAS COUNTY,,http://www.umeprep.org,https://www.umeprep.org/apps/staff/,crawl,found
,UNION GROVE ISD | http://uniongroveisd.org,UPSHUR COUNTY,,http://uniongroveisd.org,http://uniongroveisd.org/about-ugisd/staff-directory,crawl,found
,UNION GROVE ISD | http://www.uniongroveisd.org,UPSHUR COUNTY,,http://www.uniongroveisd.org,http://www.uniongroveisd.org/about-ugisd/staff-directory,crawl,found
,UNION HILL ISD | http://www.uhisd.com,UPSHUR COUNTY,,http://www.uhisd.com,,none,not_found
,UNITED ISD | http://www.uisd.net,WEBB COUNTY,,http://www.uisd.net,,none,not_found
,UNIVERSITY OF TEXAS AT AUSTIN H S | http://www.utexas.edu/ce/k16/ut-high-school/overview,TRAVIS COUNTY,,http://www.utexas.edu/ce/k16/ut-high-school/overview,http://www.utexas.edu/faculty-and-staff-resources,crawl,found
,UNIVERSITY OF TEXAS AT BROWNSVILLE | http://Utb.edu/msa,CAMERON COUNTY,,http://Utb.edu/msa,,none,not_found
,UPLIFT EDUCATION - NORTH HILLS PREPARATORY | http://www.uplifteducation.org/northhillsprep,DALLAS COUNTY,,http://www.uplifteducation.org/northhillsprep,http://www.uplifteducation.org/northhillsprep/faculty,path,found
,UPLIFT EDUCATION-SUMMIT INTERNATIONAL PREPARATORY | http://www.uplifteducation.org,TARRANT COUNTY,,http://www.uplifteducation.org,http://www.uplifteducation.org/faculty,path,found
,UT TYLER INNOVATION ACADEMY | http://www.uttia.org,SMITH COUNTY,,http://www.uttia.org,http://www.uttia.org/district-information/personnel/,crawl,found
,UTOPIA ISD | http://www.utopiaisd.net,UVALDE COUNTY,,http://www.utopiaisd.net,http://www.utopiaisd.net/staff,path,found
,UTPB STEM ACADEMY | http://www.utpbstemacademy.org,ECTOR COUNTY,,http://www.utpbstemacademy.org,,none,not_found
,UVALDE CISD | http://www.ucisd.net,UVALDE COUNTY,,http://www.ucisd.net,http://www.ucisd.net/staff,path,found
,VALENTINE ISD | http://valentineisd.com,JEFF DAVIS COUNTY,,http://valentineisd.com,http://valentineisd.com/staff,path,found
,VALLEY MILLS ISD | http://www.vmisd.net,BOSQUE COUNTY,,http://www.vmisd.net,http://www.vmisd.net/staff,path,found
,VALLEY VIEW ISD | http://www.vviewisd.net,HIDALGO COUNTY,,http://www.vviewisd.net,http://www.vviewisd.net/staff,path,found
,VALLEY VIEW ISD | http://www.vvisd.net,COOKE COUNTY,,http://www.vvisd.net,,none,not_found
,VAN ALSTYNE ISD | http://vanalstyneisd.org,GRAYSON COUNTY,,http://vanalstyneisd.org,,none,not_found
,VAN ISD | http://www.vanschools.org,VAN ZANDT COUNTY,,http://www.vanschools.org,,none,not_found
,VAN VLECK ISD | http://www.vvisd.org,MATAGORDA COUNTY,,http://www.vvisd.org,,none,not_found
,VEGA ISD | http://www.vegalonghorn.com,OLDHAM COUNTY,,http://www.vegalonghorn.com,http://www.vegalonghorn.com/staff,path,found
,VENUS ISD | http://jjaep.org,JOHNSON COUNTY,,http://jjaep.org,,none,not_found
,VENUS ISD | http://www.venusisd.net/venuses/site/default.as,JOHNSON COUNTY,,http://www.venusisd.net/venuses/site/default.as,,none,not_found
,VENUS ISD | http://www.venusisd.net/venushs/site/default.as,JOHNSON COUNTY,,http://www.venusisd.net/venushs/site/default.as,,none,not_found
,VENUS ISD | http://www.venusisd.net/venusms/site/default.as,JOHNSON COUNTY,,http://www.venusisd.net/venusms/site/default.as,,none,not_found
,VENUS ISD | http://www.venusisd.net/venusps/site/default.as,JOHNSON COUNTY,,http://www.venusisd.net/venusps/site/default.as,,none,not_found
,VERIBEST ISD | http://veribestisd.net,TOM GREEN COUNTY,,http://veribestisd.net,http://veribestisd.net/staff,path,found
,VERNON ISD | http://www.vernonisd.org,WILBARGER COUNTY,,http://www.vernonisd.org,http://www.vernonisd.org/staff,path,found
,VICTORIA ISD | http://www.visd.com,VICTORIA COUNTY,,http://www.visd.com,,none,not_found
,VICTORIA ISD | http://www.visd.net,VICTORIA COUNTY,,http://www.visd.net,http://www.visd.net/staff,path,found
,VICTORY PREP | http://www.vprep.org,HARRIS COUNTY,,http://www.vprep.org,,none,not_found
,VILLAGE TECH SCHOOLS | http://www.villagetechschools.org,DALLAS COUNTY,,http://www.villagetechschools.org,http://www.villagetechschools.org/staff,crawl,found
,VYSEHRAD ISD | http://www.vysehrad.k12.tx.us,LAVACA COUNTY,,http://www.vysehrad.k12.tx.us,,none,not_found
,WACO ISD | http://www.wacoisd.org,MCLENNAN COUNTY,,http://www.wacoisd.org,http://www.wacoisd.org/departments/business-financial-services/business-services-staff-directory,crawl,found
,WAELDER ISD | http://www.waelderisd.org,GONZALES COUNTY,,http://www.waelderisd.org,http://www.waelderisd.org/staff,path,found
,WALL ISD | http://www.wallisd.net,TOM GREEN COUNTY,,http://www.wallisd.net,http://www.wallisd.net/staff,path,found
,WALLER ISD | http://wallerisd.net,WALLER COUNTY,,http://wallerisd.net,http://wallerisd.net/departments/business-services/business-office-staff,crawl,found
,WALLER ISD | http://www.wallerisd.net,WALLER COUNTY,,http://www.wallerisd.net,http://www.wallerisd.net/departments/business-services/business-office-staff,crawl,found
,WALNUT BEND ISD | http://www.walnutbendisd.net,COOKE COUNTY,,http://www.walnutbendisd.net,http://www.walnutbendisd.net/faculty-and-staff,path,found
,WALNUT SPRINGS ISD | http://www.walnutspringsisd.net,BOSQUE COUNTY,,http://www.walnutspringsisd.net,https://www.walnutspringsisd.net/leadership-staff,crawl,found
,WARREN ISD | http://www.warrenisd.net,TYLER COUNTY,,http://www.warrenisd.net,http://www.warrenisd.net/staff,path,found
,WASKOM ISD | http://waskomisd.net,HARRISON COUNTY,,http://waskomisd.net,,none,not_found
,WASKOM ISD | http://www.waskomisd.net,HARRISON COUNTY,,http://www.waskomisd.net,,none,not_found
,WATER VALLEY ISD | http://www.wvisd.net,TOM GREEN COUNTY,,http://www.wvisd.net,http://www.wvisd.net/staff,path,found
,WAXAHACHIE ISD | http://www.wisd.org,ELLIS COUNTY,,http://www.wisd.org,http://www.wisd.org/directory,path,found
,WEATHERFORD ISD | http://www.weatherfordisd.com,PARKER COUNTY,,http://www.weatherfordisd.com,http://www.weatherfordisd.com/apps/staff/,crawl,found
,WEBB CISD | http://www.webbcisd.org,WEBB COUNTY,,http://www.webbcisd.org,,none,not_found
,WEIMAR ISD | http://www.weimarisd.org,COLORADO COUNTY,,http://www.weimarisd.org,,none,not_found
,WELLINGTON ISD | http://www.wellingtonisd.net,COLLINGSWORTH COUNTY,,http://www.wellingtonisd.net,http://www.wellingtonisd.net/staff,path,found
,WELLMAN-UNION CISD | http://wellman.esc17.net,TERRY COUNTY,,http://wellman.esc17.net,,none,not_found
,WELLS ISD | http://www.wells.esc7.net,CHEROKEE COUNTY,,http://www.wells.esc7.net,,none,not_found
,WESLACO ISD | http://www.airport.wisd.us,HIDALGO COUNTY,,http://www.airport.wisd.us,http://www.airport.wisd.us/staff,crawl,found
,WESLACO ISD | http://www.central.wisd.us,HIDALGO COUNTY,,http://www.central.wisd.us,http://www.central.wisd.us/staff,crawl,found
,WESLACO ISD | http://www.cleckler.wisd.us,HIDALGO COUNTY,,http://www.cleckler.wisd.us,http://www.cleckler.wisd.us/staff,crawl,found
,WESLACO ISD | http://www.cuellar.wisd.us,HIDALGO COUNTY,,http://www.cuellar.wisd.us,http://www.cuellar.wisd.us/staff,crawl,found
,WESLACO ISD | http://www.garza.wisd.us,HIDALGO COUNTY,,http://www.garza.wisd.us,http://www.garza.wisd.us/staff,crawl,found
,WESLACO ISD | http://www.gonzalez.wisd.us,HIDALGO COUNTY,,http://www.gonzalez.wisd.us,http://www.gonzalez.wisd.us/staff,crawl,found
,WESLACO ISD | http://www.margo.wisd.us,HIDALGO COUNTY,,http://www.margo.wisd.us,http://www.margo.wisd.us/staff,path,found
,WESLACO ISD | http://www.maryhoge.wisd.us,HIDALGO COUNTY,,http://www.maryhoge.wisd.us,http://www.maryhoge.wisd.us/staff,crawl,found
,WESLACO ISD | http://www.memorial.wisd.us,HIDALGO COUNTY,,http://www.memorial.wisd.us,http://www.memorial.wisd.us/staff,path,found
,WESLACO ISD | http://www.northbridge.wisd.us,HIDALGO COUNTY,,http://www.northbridge.wisd.us,http://www.northbridge.wisd.us/staff,crawl,found
,WESLACO ISD | http://www.rico.wisd.us,HIDALGO COUNTY,,http://www.rico.wisd.us,http://www.rico.wisd.us/stuff,crawl,found
,WESLACO ISD | http://www.roosevelt.wisd.us,HIDALGO COUNTY,,http://www.roosevelt.wisd.us,http://www.roosevelt.wisd.us/staff,crawl,found
,WESLACO ISD | http://www.samhouston.wisd.us,HIDALGO COUNTY,,http://www.samhouston.wisd.us,http://www.samhouston.wisd.us/stuff,crawl,found
,WESLACO ISD | http://www.silva.wisd.us,HIDALGO COUNTY,,http://www.silva.wisd.us,http://www.silva.wisd.us/stafflinks,crawl,found
,WESLACO ISD | http://www.spg.wisd.us,HIDALGO COUNTY,,http://www.spg.wisd.us,http://www.spg.wisd.us/stuff,crawl,found
,WESLACO ISD | http://www.wehs.wisd.us,HIDALGO COUNTY,,http://www.wehs.wisd.us,http://www.wehs.wisd.us/employee,crawl,found
,WESLACO ISD | http://www.whs.wisd.us,HIDALGO COUNTY,,http://www.whs.wisd.us,http://www.whs.wisd.us/stuff,crawl,found
,WESLACO ISD | http://www.wisd.us,HIDALGO COUNTY,,http://www.wisd.us,http://www.wisd.us/about-us/contact-us,crawl,found
,WESLACO ISD | http://www.ybarra.wisd.us,HIDALGO COUNTY,,http://www.ybarra.wisd.us,http://www.ybarra.wisd.us/staff,crawl,found
,WEST HARDIN COUNTY CISD | http://www.westhardin.org,HARDIN COUNTY,,http://www.westhardin.org,,none,not_found
,WEST ISD | http://www.westisd.net,MCLENNAN COUNTY,,http://www.westisd.net,,none,not_found
,WEST ORANGE-COVE CISD | http://www.woccisd.net,ORANGE COUNTY,,http://www.woccisd.net,http://www.woccisd.net/staff,path,found
,WEST OSO ISD | http://www.westosoisd.net,NUECES COUNTY,,http://www.westosoisd.net,https://www.westosoisd.net/administration-and-staff,crawl,found
,WEST OSO ISD | http://www.westosoisd.net/vnews/display.v/SEC/E,NUECES COUNTY,,http://www.westosoisd.net/vnews/display.v/SEC/E,,none,not_found
,WEST OSO ISD | http://www.westosoisd.net/vnews/display.v/SEC/H,NUECES COUNTY,,http://www.westosoisd.net/vnews/display.v/SEC/H,,none,not_found
,WEST OSO ISD | http://www.westosoisd.net/vnews/display.v/SEC/J,NUECES COUNTY,,http://www.westosoisd.net/vnews/display.v/SEC/J,,none,not_found
,WEST OSO ISD | http://www.westosoisd.net/vnews/display.v/SEC/P,NUECES COUNTY,,http://www.westosoisd.net/vnews/display.v/SEC/P,,none,not_found
,WEST RUSK COUNTY CONSOLIDATED ISD | http://westrusk.esc7.net,RUSK COUNTY,,http://westrusk.esc7.net,http://westrusk.esc7.net/departments/athletics/athletics-staff,crawl,found
,WEST RUSK COUNTY CONSOLIDATED ISD | http://www.westrusk.esc7.net,RUSK COUNTY,,http://www.westrusk.esc7.net,http://www.westrusk.esc7.net/departments/athletics/athletics-staff,crawl,found
,WEST SABINE ISD | http://www.westsabineisd.net,SABINE COUNTY,,http://www.westsabineisd.net,http://www.westsabineisd.net/staff,path,found
,WESTBROOK ISD | http://www.westbrookisd.com,MITCHELL COUNTY,,http://www.westbrookisd.com,http://www.westbrookisd.com/apps/staff/,crawl,found
,WESTLAKE ACADEMY CHARTER SCHOOL | http://www.westlakeacademy.org,TARRANT COUNTY,,http://www.westlakeacademy.org,http://www.westlakeacademy.org/faculty,path,found
,WESTPHALIA ISD | http://www.westphaliaisd.org,FALLS COUNTY,,http://www.westphaliaisd.org,http://www.westphaliaisd.org/staff,path,found
,WESTWOOD ISD | http://www.westwoodisd.net,ANDERSON COUNTY,,http://www.westwoodisd.net,http://www.westwoodisd.net/administration-office,crawl,found
,WHARTON ISD | http://whartonisd.net,WHARTON COUNTY,,http://whartonisd.net,http://whartonisd.net/our-district/about-us/esc-staff-update,crawl,found
,WHARTON ISD | http://www.whartonisd.net,WHARTON COUNTY,,http://www.whartonisd.net,http://www.whartonisd.net/our-district/about-us/esc-staff-update,crawl,found
,WHEELER ISD | http://www.wheelerschools.net,WHEELER COUNTY,,http://www.wheelerschools.net,http://www.wheelerschools.net/staff,path,found
,WHITE DEER ISD | http://www.whitedeerisd.net,CARSON COUNTY,,http://www.whitedeerisd.net,,none,not_found
,WHITE OAK ISD | http://www.woisd.net,GREGG COUNTY,,http://www.woisd.net,,none,not_found
,WHITE SETTLEMENT ISD | http://wsisd.com,TARRANT COUNTY,,http://wsisd.com,,none,not_found
,WHITEFACE CISD | http://whitefaceschool.net,COCHRAN COUNTY,,http://whitefaceschool.net,http://whitefaceschool.net/staff,path,found
,WHITEFACE CISD | http://www.whitefaceschool.net,COCHRAN COUNTY,,http://www.whitefaceschool.net,http://www.whitefaceschool.net/staff,path,found
,WHITEHOUSE ISD | http://whitehouseisd.org,SMITH COUNTY,,http://whitehouseisd.org,,none,not_found
,WHITEHOUSE ISD | http://www.whitehouseisd.org,SMITH COUNTY,,http://www.whitehouseisd.org,,none,not_found
,WHITESBORO ISD | http://www.whitesboroisd.org,GRAYSON COUNTY,,http://www.whitesboroisd.org,,none,not_found
,WHITEWRIGHT ISD | http://www.whitewrightisd.com,GRAYSON COUNTY,,http://www.whitewrightisd.com,,none,not_found
,WHITNEY ISD | http://www.whitney.k12.tx.us,HILL COUNTY,,http://www.whitney.k12.tx.us,,none,not_found
,WICHITA FALLS ISD | http://www.wfisd.net,WICHITA COUNTY,,http://www.wfisd.net,http://www.wfisd.net/departments/curriculum-instruction/c-i-staff,crawl,found
,WICHITA FALLS ISD | http://www.wfisd.net/page/925,WICHITA COUNTY,,http://www.wfisd.net/page/925,,none,not_found
,WICHITA FALLS ISD | http://www.wfisd.net/page/937,WICHITA COUNTY,,http://www.wfisd.net/page/937,,none,not_found
,WILLIS ISD | http://www.willisisd.org,MONTGOMERY COUNTY,,http://www.willisisd.org,http://www.willisisd.org/about/directory,crawl,found
,WILLS POINT ISD | http://wphs.wpisd.com,VAN ZANDT COUNTY,,http://wphs.wpisd.com,,none,not_found
,WILLS POINT ISD | http://wpis.wpisd.com,VAN ZANDT COUNTY,,http://wpis.wpisd.com,,none,not_found
,WILLS POINT ISD | http://wpjh.wpisd.com,VAN ZANDT COUNTY,,http://wpjh.wpisd.com,,none,not_found
,WILLS POINT ISD | http://wpms.wpisd.com,VAN ZANDT COUNTY,,http://wpms.wpisd.com,,none,not_found
,WILLS POINT ISD | http://www.wpisd.com,VAN ZANDT COUNTY,,http://www.wpisd.com,,none,not_found
,WILSON ISD | http://wilson.esc17.net,LYNN COUNTY,,http://wilson.esc17.net,,none,not_found
,WIMBERLEY ISD | http://www.wimberleyisd.net,HAYS COUNTY,,http://www.wimberleyisd.net,http://www.wimberleyisd.net/staff-directory,path,found
,WINDHAM SCHOOL DISTRICT | http://www.wsdtx.org,WALKER COUNTY,,http://www.wsdtx.org,https://wsdtx.org/about-windham/leadership/,crawl,found
,WINDTHORST ISD | http://www.windthorstisd.net,ARCHER COUNTY,,http://www.windthorstisd.net,,none,not_found
,WINFIELD ISD | http://www.winfieldisd.net,TITUS COUNTY,,http://www.winfieldisd.net,,none,not_found
,WINNSBORO ISD | http://www.winnsboroisd.org,WOOD COUNTY,,http://www.winnsboroisd.org,http://www.winnsboroisd.org/staff,path,found
,WINONA ISD | http://www.winonaisd.org,SMITH COUNTY,,http://www.winonaisd.org,http://www.winonaisd.org/staff,path,found
,WINTERS ISD | http://www.wintersisd.org,RUNNELS COUNTY,,http://www.wintersisd.org,,none,not_found
,WODEN ISD | http://www.wodenisd.org,NACOGDOCHES COUNTY,,http://www.wodenisd.org,http://www.wodenisd.org/staff,crawl,found
,WOLFE CITY ISD | http://wcisd.net,HUNT COUNTY,,http://wcisd.net,http://wcisd.net/staff,path,found
,WOLFE CITY ISD | http://www.a2zfast.com/wcisd,HUNT COUNTY,,http://www.a2zfast.com/wcisd,,none,not_found
,WOODSBORO ISD | http://www.wisd.net,REFUGIO COUNTY,,http://www.wisd.net,http://www.wisd.net/our-district/faculty-directory,crawl,found
,WOODSON ISD | http://www.woodsonisd.net,THROCKMORTON COUNTY,,http://www.woodsonisd.net,,none,not_found
,WOODVILLE ISD | http://www.woodvilleeagles.org/education/district/district.php?section,TYLER COUNTY,,http://www.woodvilleeagles.org/education/district/district.php?section,,none,not_found
,WORTHAM ISD | http://www.worthamisd.org,FREESTONE COUNTY,,http://www.worthamisd.org,http://www.worthamisd.org/staff,path,found
,WYLIE ISD | http://www.wylie.esc14.net,TAYLOR COUNTY,,http://www.wylie.esc14.net,,none,not_found
,WYLIE ISD | http://www.wylieisd.net,COLLIN COUNTY,,http://www.wylieisd.net,http://www.wylieisd.net/directory,path,found
,YANTIS ISD | http://www.yantisisd.net,WOOD COUNTY,,http://www.yantisisd.net,http://www.yantisisd.net/staff,path,found
,YES PREP PUBLIC SCHOOLS INC | http://www.yesprep.org,HARRIS COUNTY,,http://www.yesprep.org,http://www.yesprep.org/join-our-team,crawl,found
,YOAKUM ISD | http://www.yoakumisd.net,DEWITT COUNTY,,http://www.yoakumisd.net,http://www.yoakumisd.net/staff,crawl,found
,YORKTOWN ISD | http://www.yisd.org,DEWITT COUNTY,,http://www.yisd.org,http://www.yisd.org/staff,path,found
,YSLETA ISD | http://ascarate.yisd.net,EL PASO COUNTY,,http://ascarate.yisd.net,,none,not_found
,YSLETA ISD | http://belair.yisd.net,EL PASO COUNTY,,http://belair.yisd.net,http://belair.yisd.net/staff,path,found
,YSLETA ISD | http://caminoreal.yisd.net,EL PASO COUNTY,,http://caminoreal.yisd.net,,none,not_found
,YSLETA ISD | http://capistrano.yisd.net,EL PASO COUNTY,,http://capistrano.yisd.net,http://capistrano.yisd.net/staff,path,found
,YSLETA ISD | http://constancehulbert.yisd.net,EL PASO COUNTY,,http://constancehulbert.yisd.net,,none,not_found
,YSLETA ISD | http://delnorte.yisd.net,EL PASO COUNTY,,http://delnorte.yisd.net,,none,not_found
,YSLETA ISD | http://delvalleelementary.yisd.net,EL PASO COUNTY,,http://delvalleelementary.yisd.net,http://delvalleelementary.yisd.net/staff,path,found
,YSLETA ISD | http://desertaire.yisd.net,EL PASO COUNTY,,http://desertaire.yisd.net,http://desertaire.yisd.net/staff,path,found
,YSLETA ISD | http://desertview.yisd.net,EL PASO COUNTY,,http://desertview.yisd.net,,none,not_found
,YSLETA ISD | http://dolphinterrace.yisd.net,EL PASO COUNTY,,http://dolphinterrace.yisd.net,http://dolphinterrace.yisd.net/staff,path,found
,YSLETA ISD | http://eastpoint.yisd.net,EL PASO COUNTY,,http://eastpoint.yisd.net,http://eastpoint.yisd.net/staff,path,found
,YSLETA ISD | http://eastwoodheights.yisd.net,EL PASO COUNTY,,http://eastwoodheights.yisd.net,http://eastwoodheights.yisd.net/staff,path,found
,YSLETA ISD | http://eastwoodknolls.yisd.net,EL PASO COUNTY,,http://eastwoodknolls.yisd.net,http://eastwoodknolls.yisd.net/staff,path,found
,YSLETA ISD | http://edgemere.yisd.net,EL PASO COUNTY,,http://edgemere.yisd.net,http://edgemere.yisd.net/staff,path,found
,YSLETA ISD | http://glencove.yisd.net,EL PASO COUNTY,,http://glencove.yisd.net,http://glencove.yisd.net/staff,path,found
,YSLETA ISD | http://haciendaheights.yisd.net,EL PASO COUNTY,,http://haciendaheights.yisd.net,,none,not_found
,YSLETA ISD | http://hanks.yisd.net,EL PASO COUNTY,,http://hanks.yisd.net,http://hanks.yisd.net/staff,path,found
,YSLETA ISD | http://indianridge.yisd.net,EL PASO COUNTY,,http://indianridge.yisd.net,,none,not_found
,YSLETA ISD | http://lancaster.yisd.net,EL PASO COUNTY,,http://lancaster.yisd.net,http://lancaster.yisd.net/staff,path,found
,YSLETA ISD | http://lomaterrace.yisd.net,EL PASO COUNTY,,http://lomaterrace.yisd.net,http://lomaterrace.yisd.net/staff,path,found
,YSLETA ISD | http://marianmanor.yisd.net,EL PASO COUNTY,,http://marianmanor.yisd.net,,none,not_found
,YSLETA ISD | http://mesavista.yisd.net,EL PASO COUNTY,,http://mesavista.yisd.net,,none,not_found
,YSLETA ISD | http://missionvalley.yisd.net,EL PASO COUNTY,,http://missionvalley.yisd.net,http://missionvalley.yisd.net/staff,path,found
,YSLETA ISD | http://northloop.yisd.net,EL PASO COUNTY,,http://northloop.yisd.net,http://northloop.yisd.net/staff,path,found
,YSLETA ISD | http://northstar.yisd.net,EL PASO COUNTY,,http://northstar.yisd.net,http://northstar.yisd.net/staff,path,found
,YSLETA ISD | http://pasodale.yisd.net,EL PASO COUNTY,,http://pasodale.yisd.net,http://pasodale.yisd.net/staff,path,found
,YSLETA ISD | http://pebblehills.yisd.net,EL PASO COUNTY,,http://pebblehills.yisd.net,http://pebblehills.yisd.net/staff,path,found
,YSLETA ISD | http://plato.yisd.net,EL PASO COUNTY,,http://plato.yisd.net,,none,not_found
,YSLETA ISD | http://presa.yisd.net,EL PASO COUNTY,,http://presa.yisd.net,http://presa.yisd.net/staff,path,found
,YSLETA ISD | http://ramona.yisd.net,EL PASO COUNTY,,http://ramona.yisd.net,http://ramona.yisd.net/staff,path,found
,YSLETA ISD | http://riobravo.yisd.net,EL PASO COUNTY,,http://riobravo.yisd.net,,none,not_found
,YSLETA ISD | http://sageland.yisd.net,EL PASO COUNTY,,http://sageland.yisd.net,http://sageland.yisd.net/staff,path,found
,YSLETA ISD | http://scotsdale.yisd.net,EL PASO COUNTY,,http://scotsdale.yisd.net,http://scotsdale.yisd.net/staff,path,found
,YSLETA ISD | http://southloop.yisd.net,EL PASO COUNTY,,http://southloop.yisd.net,,none,not_found
,YSLETA ISD | http://thomasmanor.yisd.net,EL PASO COUNTY,,http://thomasmanor.yisd.net,http://thomasmanor.yisd.net/staff,path,found
,YSLETA ISD | http://tierradelsol.yisd.net,EL PASO COUNTY,,http://tierradelsol.yisd.net,http://tierradelsol.yisd.net/staff,path,found
,YSLETA ISD | http://valleverdeearlycollege.yisd.net,EL PASO COUNTY,,http://valleverdeearlycollege.yisd.net,http://valleverdeearlycollege.yisd.net/staff,path,found
,YSLETA ISD | http://valleyview.yisd.net,EL PASO COUNTY,,http://valleyview.yisd.net,,none,not_found
,YSLETA ISD | http://vistahills.yisd.net,EL PASO COUNTY,,http://vistahills.yisd.net,http://vistahills.yisd.net/staff,path,found
,YSLETA ISD | http://ysletacommunitylearningcenter.yisd.net,EL PASO COUNTY,,http://ysletacommunitylearningcenter.yisd.net,http://ysletacommunitylearningcenter.yisd.net/staff,path,found
,ZAPATA COUNTY ISD | http://www.zcisd.org,ZAPATA COUNTY,,http://www.zcisd.org,,none,not_found
,ZAVALLA ISD | http://www.zavallaisd.org,ANGELINA COUNTY,,http://www.zavallaisd.org,http://www.zavallaisd.org/staff,path,found
